split,scope,site_id,n_eval,n_missing,mae,rmse,r2,nrmse,daylight_n,daylight_mae,daylight_nrmse
val,ALL,,199675,210121,1.2912467427801186,2.9557304510282756,0.9445193487697973,0.02982007904685333,199378,1.2925541165980223,0.029841247195152652
val,SITE,1,5793,6105,1.4168486016084345,2.221571344540343,0.8902998012238735,0.10248045689384759,5774,1.4211559647872947,0.10264835430553691
val,SITE,10,5736,6162,0.634555476854037,0.9113209432224647,0.8585958036127584,0.11912692068276577,5734,0.6347290629246196,0.11914688088794362
val,SITE,11,3392,2914,4.868145482157761,8.488605124354866,0.9279733728807976,0.09162940259043877,3341,4.9379111927663875,0.09232485381296335
val,SITE,12,5700,6198,1.1150066238955447,1.7034007643627793,0.871137423021008,0.09751159298403274,5697,1.115524294545028,0.09753694810390735
val,SITE,13,5651,5945,1.0803063228433691,1.6211215160970913,0.8416615618438738,0.12560674832676783,5648,1.0808290466033028,0.12563978995185737
val,SITE,14,4907,4687,0.9948734177429467,1.4909959791823328,0.8702724524258107,0.11075560778342475,4906,0.9950471369043157,0.11076679172817584
val,SITE,15,4973,4780,1.368522993400738,2.058082756673437,0.8660982439892213,0.11119488961291614,4971,1.3690253447009102,0.11121717675727316
val,SITE,16,3359,3709,0.3309241745151839,0.43241921738498684,0.8177254845325528,0.1347116758753351,3359,0.3309241745151839,0.1347116758753351
val,SITE,17,4812,4826,0.685106976866623,1.037595727161035,0.8689362887316915,0.10983523621628055,4812,0.685106976866623,0.10983523621628055
val,SITE,18,4842,4435,2.4435536390195844,3.779998918700103,0.8796880572806164,0.1074006352039097,4839,2.4448932332671314,0.10743365967737797
val,SITE,19,4838,4598,2.9740860851503887,4.603298070401344,0.8743138626549687,0.1092961087005339,4834,2.976387232751653,0.10934116510324124
val,SITE,2,5756,6142,1.2287778819576578,1.9079835701116101,0.8931109443529264,0.10334372756193429,5753,1.2293548298031274,0.10337055296713794
val,SITE,20,4744,4894,1.1283977424716467,1.702544256676148,0.8811025972105877,0.10831295469907899,4743,1.1286114956692705,0.10832432059035049
val,SITE,21,4791,4847,0.615232847648084,0.8986302981560675,0.8644314678754568,0.11348553065447532,4791,0.615232847648084,0.11348553065447532
val,SITE,22,4889,4749,1.0450897952680769,1.6071643223013563,0.877236995703398,0.10812274266057348,4889,1.0450897952680769,0.10812274266057348
val,SITE,23,4509,4296,0.8966890593330145,1.3280801698889522,0.8765491465008354,0.11110282210418586,4508,0.8968673937068963,0.11111508416605322
val,SITE,24,4910,4728,1.2458111154086235,1.8973145133375944,0.878792989378984,0.10731013872729614,4908,1.2462696387890206,0.10733191083988688
val,SITE,25,5007,4429,5.438588226486734,8.553669678126036,0.8814916215448801,0.10672674619706579,4988,5.457925550060073,0.10692928831528695
val,SITE,26,4882,4756,0.6028153615034979,0.8653124016059689,0.866717658658811,0.11422971499864795,4882,0.6028153615034979,0.11422971499864795
val,SITE,27,6286,5684,6.316778304885612,9.846006588870054,0.8748179429985217,0.09933697295116074,6149,6.4432877274446705,0.10042862876192683
val,SITE,28,4307,4685,0.321618374799503,0.42810846968886934,0.8134136467756647,0.12723351413768746,4307,0.321618374799503,0.12723351413768746
val,SITE,29,4262,4799,0.28732618867148263,0.3933247690596583,0.8307334495532677,0.12247435270489465,4262,0.28732618867148263,0.12247435270489465
val,SITE,3,5600,6298,0.9268565628358296,1.4047388597618398,0.8854950060463521,0.10558572334082114,5599,0.9269995008926133,0.10559507538746787
val,SITE,30,4430,4375,0.6555447593499522,0.9698774933771092,0.8600710031721229,0.1168210966556678,4430,0.6555447593499522,0.1168210966556678
val,SITE,31,4933,4705,1.1201812014627137,1.696278408197745,0.8835474616265091,0.1052385823834287,4933,1.1201812014627137,0.1052385823834287
val,SITE,32,4791,4847,0.5519243394922947,0.7990580917981968,0.8557693635836865,0.11008145916875467,4791,0.5519243394922947,0.11008145916875467
val,SITE,33,4935,4703,1.2935331804049413,1.976368001815716,0.882970022311732,0.10540217571850599,4934,1.2937677430874623,0.10541280566436613
val,SITE,34,5313,5535,0.3763854199382022,0.5075293689764397,0.8315389253188861,0.12821267394396801,5313,0.3763854199382022,0.12821267394396801
val,SITE,35,5276,5614,0.4971099886323034,0.7079432904400605,0.8450645518737094,0.11936016653089439,5276,0.4971099886323034,0.11936016653089439
val,SITE,36,4876,4762,0.7715696375618419,1.1392491603162258,0.8670007587172501,0.1133823637052984,4876,0.7715696375618419,0.1133823637052984
val,SITE,37,4904,4734,0.7460955052741395,1.0936689264471309,0.8668579189560512,0.10986916281861371,4904,0.7460955052741395,0.10986916281861371
val,SITE,38,5092,4546,0.8295974829771906,1.2334925310611775,0.8778712954415546,0.10925390627472473,5092,0.8295974829771906,0.10925390627472473
val,SITE,39,4405,4400,0.530984190184196,0.7542452003956973,0.8596994707852662,0.11706662905724806,4405,0.530984190184196,0.11706662905724806
val,SITE,4,3276,3807,0.22039582805028038,0.28723278822874915,0.7560977161241405,0.15161153358053564,3275,0.220398929974505,0.15162227943803885
val,SITE,40,4953,4685,1.0667261004857094,1.6589869859276798,0.8829243368068421,0.1004703329901642,4953,1.0667261004857094,0.1004703329901642
val,SITE,41,5573,6325,1.2768653759339457,2.0106131152500404,0.9172064785923915,0.09217710557020242,5565,1.27858876860688,0.0922431491763997
val,SITE,42,5623,6275,0.4699828372441766,0.6721275205213584,0.8742392160801693,0.10876289825993396,5623,0.4699828372441766,0.10876289825993396
val,SITE,5,3056,4027,0.21277628487941483,0.2828870719694673,0.7775054724971041,0.1490104741238346,3055,0.21276683370337354,0.1490170659751131
val,SITE,6,3274,3032,1.4899825256775265,2.5787854347893413,0.9284377199273033,0.09006399335689923,3251,1.4991683127586015,0.09037977017988243
val,SITE,7,2409,9489,1.2021990029234864,1.906191341962323,0.8356068577542903,0.1198387646382582,2409,1.2021990029234864,0.1198387646382582
val,SITE,8,3333,2973,1.4703855832847001,2.4306116889603016,0.9318660459057624,0.09046766391012463,3322,1.4747403956263414,0.09061647352512202
val,SITE,9,5277,6621,0.2300970765345698,0.3023079620788082,0.7210601922404408,0.1581341199272794,5277,0.2300970765345698,0.1581341199272794
test,ALL,,189652,220142,1.124264147072057,2.5443559425659696,0.9498691392196683,0.025669761362797014,189176,1.1251808917234578,0.02569623550894723
test,SITE,1,6007,5891,1.1452640828662413,1.9013745006660925,0.9240109806186272,0.08770986717731945,5993,1.147610988239802,0.08781149184786709
test,SITE,10,5824,6074,0.5588753741275478,0.7995727260082012,0.9026438482803465,0.10451931058938688,5824,0.5588753741275478,0.10451931058938688
test,SITE,11,3085,3221,4.789829890500012,8.04158013032399,0.922995577671597,0.08680403581392061,3040,4.854713835371168,0.08744110740823542
test,SITE,12,5577,6321,1.1849375423488169,1.8857469041608357,0.8878336189118802,0.10795004231327746,5570,1.1861474358200812,0.10801667494812298
test,SITE,13,5302,6293,0.9574700508060117,1.4830864456034407,0.7819532414927473,0.11491159920463057,5302,0.9574700508060117,0.11491159920463057
test,SITE,14,4667,4928,0.9080738063437898,1.3903630293179108,0.8789175597707378,0.10328029350968318,4666,0.9082546678163747,0.10329133666807609
test,SITE,15,4777,4976,1.1700474918949222,1.80981306112064,0.8886935016335421,0.09778127866762705,4775,1.1704973610283818,0.09780164861904682
test,SITE,16,2936,4133,0.3038567460525263,0.4006361961155844,0.8170410751530134,0.12481030265359246,2936,0.3038567460525263,0.12481030265359246
test,SITE,17,4585,5053,0.6153151151268147,0.9325769368280625,0.8904910600100338,0.09871841745785108,4585,0.6153151151268147,0.09871841745785108
test,SITE,18,4566,4710,2.232773743122751,3.5460460036708787,0.8864229730766046,0.10075336037067091,4564,2.233709635910081,0.10077541667230225
test,SITE,19,4645,4791,2.5804345310055146,4.114543919030289,0.8917888408132923,0.09769161860688444,4642,2.5819200993303286,0.09772290705258443
test,SITE,2,5972,5926,1.0400660986159365,1.6865515817633345,0.9238055307308671,0.0913501195268174,5962,1.041595754068356,0.09142599259005074
test,SITE,20,4664,4974,1.0627121243938982,1.650732504936501,0.8812303890354247,0.10501677963810742,4663,1.0629397574193022,0.10502803967336431
test,SITE,21,4559,5079,0.5723873263101982,0.8412476028675294,0.8686671347466722,0.10623882904807919,4559,0.5723873263101982,0.10623882904807919
test,SITE,22,4618,5020,0.9447625610620854,1.484901144798703,0.8803440364337238,0.099897429359035,4617,0.9449631325579423,0.09990824548840807
test,SITE,23,4223,4582,0.8575931035199211,1.2638451050318449,0.8768125166580032,0.10572912769516025,4222,0.8577840390898841,0.1057416274087505
test,SITE,24,4708,4930,0.8346767790659869,1.278767028686212,0.8824281096123363,0.07232573528719587,4707,0.8348497439271608,0.07233341568366304
test,SITE,25,4460,4976,4.783683276497195,7.986295216024255,0.8916322602741669,0.09964744193420817,4443,4.800044292752173,0.09983657818413814
test,SITE,26,4600,5038,0.5532432817376178,0.8010302357616051,0.8705049368049178,0.10574383929610463,4600,0.5532432817376178,0.10574383929610463
test,SITE,27,6606,5365,4.3317301396777905,7.044874704878714,0.9077698648376229,0.0710761791276808,6287,4.500516595646291,0.07279823333822603
test,SITE,28,3990,5002,0.27921231306883926,0.36125805948479867,0.8364890093244078,0.10736562267085585,3990,0.27921231306883926,0.10736562267085585
test,SITE,29,3960,5100,0.23527389722641068,0.32523743728165716,0.8581911489308285,0.10127316594299696,3960,0.23527389722641068,0.10127316594299696
test,SITE,3,5863,6035,0.7498018393515727,1.1774229785956007,0.9194670961570701,0.08849976350351538,5862,0.749903582461008,0.08850718368732041
test,SITE,30,4101,4704,0.5860468229704501,0.8629812617305509,0.8825854647958736,0.10394551691020221,4101,0.5860468229704501,0.10394551691020221
test,SITE,31,4633,5005,1.0228129608595626,1.5971924201361747,0.8925263485846074,0.09909120181944443,4632,1.0230323495230733,0.09910189743256675
test,SITE,32,4526,5112,0.528928567285407,0.7462191064153054,0.8652255374186667,0.10280214785002997,4526,0.528928567285407,0.10280214785002997
test,SITE,33,4674,4964,1.1923782935650573,1.8648739061754191,0.8902769106308398,0.09945605624609093,4672,1.1928574800083083,0.09947727749891722
test,SITE,34,5071,5776,0.3465522111837409,0.4656941965955974,0.8487917585810049,0.11764422284788251,5071,0.3465522111837409,0.11764422284788251
test,SITE,35,5088,5803,0.4671586425799244,0.6531085793488276,0.861185651940349,0.11011496237978986,5088,0.4671586425799244,0.11011496237978986
test,SITE,36,4617,5021,0.7175398339743941,1.0660769782956443,0.8687377738490847,0.10609999278595975,4616,0.7176881241426517,0.10611147376457085
test,SITE,37,4613,5025,0.6764765252473683,1.0054250031898526,0.8779920246596494,0.10100424425170969,4612,0.6766134711937188,0.10101517199678418
test,SITE,38,4672,4966,0.7645596204044884,1.1673395948442873,0.876841889847831,0.10339455446574364,4671,0.764718157146146,0.10340561689302856
test,SITE,39,4056,4749,0.5106959262425612,0.7200721411831648,0.8605932638708883,0.11176261804798192,4056,0.5106959262425612,0.11176261804798192
test,SITE,4,2974,4108,0.2007912938516254,0.2550027732455085,0.7619715581209847,0.13459940196051584,2972,0.20084811652813753,0.13462636081627627
test,SITE,40,4658,4980,0.9732509786451052,1.5336214623650593,0.8896971751119829,0.09287803961796541,4657,0.9734556642703956,0.0928880092564494
test,SITE,41,5735,6163,0.9908036135962036,1.692940264995066,0.9471975284185387,0.07761330727771076,5724,0.9923885531312181,0.0776865867172611
test,SITE,42,5760,6138,0.4214888359523482,0.5925208795675652,0.9102417776631764,0.09588104366163326,5760,0.4214888359523482,0.09588104366163326
test,SITE,5,1911,5171,0.18579533161261144,0.24003919608507404,0.7731339455455023,0.12644039958390732,1910,0.18581492214302742,0.12646085032840548
test,SITE,6,3041,3265,1.4700305851538376,2.46119648309993,0.9220610464006879,0.08595720322968378,3023,1.4777533876316222,0.08621092682547771
test,SITE,7,1226,10672,1.125831424898269,1.7949951930489403,0.8754962099197554,0.11284806605256764,1226,1.125831424898269,0.11284806605256764
test,SITE,8,2996,3310,1.4524767097229951,2.343926470663876,0.9234002115957407,0.08724122949839376,2984,1.457582634112151,0.08741506425376692
test,SITE,9,5106,6792,0.22605789627601156,0.28390428290813247,0.7743082979235444,0.14850734864058684,5106,0.22605789627601156,0.14850734864058684
