baseline,split,scope,site_id,n_eval,n_missing,mae,rmse,r2,nrmse,daylight_n,daylight_mae,daylight_nrmse,fit_seconds,predict_seconds
zero,val,ALL,,201552,208244,7.872533892850853,14.81239339626273,-0.3936778753600101,0.1494408063482164,201251,7.883978944126365,0.1495524789596736,0.0,0.0005
zero,val,SITE,1,5836,6062,9.283027758738863,11.449681208822817,-1.9183762720643602,0.5281705511968785,5816,9.314466557771665,0.5290777609800558,,
zero,val,SITE,10,5777,6121,3.8220637874329237,4.524134536027266,-2.4930229852669004,0.5913901354288508,5775,3.823349567099567,0.5914924719395721,,
zero,val,SITE,11,3449,2857,43.54010220353726,53.78799637609854,-1.900666925433638,0.580609169855002,3398,44.18845644496763,0.5849498372178054,,
zero,val,SITE,12,5741,6157,6.4290846542414215,7.986218274556649,-1.841402098161975,0.45717301656931697,5738,6.432342497385848,0.4572924391076087,,
zero,val,SITE,13,5694,5902,5.9264741394450295,7.1909404062110225,-2.1175676610344367,0.5571640576397344,5691,5.9295268845545595,0.5573108396055906,,
zero,val,SITE,14,4955,4639,5.658725403632694,7.006216821211579,-1.8763248001717017,0.5204425854463346,4954,5.6598424253128785,0.5204950935890461,,
zero,val,SITE,15,5016,4737,7.913318007376396,9.70713759297124,-1.9811681733256759,0.524460976900889,5014,7.916409054646988,0.524565535848816,,
zero,val,SITE,16,3387,3681,1.5635293262843224,1.8615456540204038,-2.3949801638173205,0.5799278216358058,3387,1.5635293262843224,0.5799278216358058,,
zero,val,SITE,17,4859,4779,3.8083340836591892,4.7646345947925335,-1.7690677045483594,0.5043628770862122,4859,3.8083340836591892,0.5043628770862122,,
zero,val,SITE,18,4892,4385,14.335643652902698,17.999526434818968,-1.7346732180635938,0.5114182871602282,4889,14.34434444671712,0.5115751598242055,,
zero,val,SITE,19,4888,4548,17.079991816693944,21.468826522932325,-1.7243087103450754,0.509734360329775,4883,17.09726346508294,0.5099952394531223,,
zero,val,SITE,2,5798,6100,7.918614177302518,9.835222859218632,-1.8427765879718656,0.5327134927134317,5795,7.92262726488352,0.5328513227218379,,
zero,val,SITE,20,4790,4848,6.610891831941545,8.24729982801931,-1.7974737362463307,0.5246791143073914,4789,6.612249425767383,0.5247338814255015,,
zero,val,SITE,21,4836,4802,3.3053595430107525,4.107399513527752,-1.837644578999003,0.5187121048100657,4836,3.3053595430107525,0.5187121048100657,,
zero,val,SITE,22,4935,4703,6.058542299898683,7.597115795942532,-1.7470502931219807,0.5110995713189116,4935,6.058542299898683,0.5110995713189116,,
zero,val,SITE,23,4556,4249,4.960695717186129,6.236576228952413,-1.7225147427743566,0.5217314699928329,4555,4.961762486278815,0.5217887218577932,,
zero,val,SITE,24,4954,4684,7.174842929955592,9.00503153122234,-1.7384163674702533,0.5093152326965853,4952,7.177690200928917,0.5094180526010306,,
zero,val,SITE,25,5056,4380,31.98301522943038,40.53205943044665,-1.6500342110759623,0.5057308713639019,5036,32.109164019062746,0.5067340680050121,,
zero,val,SITE,26,4929,4709,3.3768489107831203,4.124298830302649,-2.033824339416498,0.5444478538391019,4929,3.3768489107831203,0.5444478538391019,,
zero,val,SITE,27,6328,5642,35.59035240202276,45.15005908210676,-1.6410773484752164,0.45552175466269557,6190,36.37882673667205,0.4605712481102048,,
zero,val,SITE,28,4356,4636,1.4219494303833793,1.7318223246519262,-2.068971247455304,0.5146962880405086,4356,1.4219494303833793,0.5146962880405086,,
zero,val,SITE,29,4306,4755,1.3543973888179284,1.656550011042062,-2.0163349564878152,0.5158202744533733,4306,1.3543973888179284,0.5158202744533733,,
zero,val,SITE,3,5642,6256,5.748692839418646,7.090143484780154,-1.9188359547462146,0.5329232000869144,5641,5.749684231519234,0.5329704116441495,,
zero,val,SITE,30,4479,4326,3.2570441574570217,4.164237542784738,-1.5756817362185846,0.5015796322780182,4479,3.2570441574570217,0.5015796322780182,,
zero,val,SITE,31,4978,4660,6.247233138308558,7.980306856472293,-1.5828092354860108,0.495105152845874,4978,6.247233138308558,0.495105152845874,,
zero,val,SITE,32,4836,4802,2.7650943121898264,3.474532006883328,-1.7272176060570001,0.47866551527627177,4836,2.7650943121898264,0.47866551527627177,,
zero,val,SITE,33,4977,4661,7.15684649387181,9.193832665752485,-1.5378696525568096,0.490318587060661,4976,7.158259646302251,0.4903678438258878,,
zero,val,SITE,34,5355,5493,1.838062412464986,2.2147642002912042,-2.2129153557390406,0.5594963713082998,5355,1.838062412464986,0.5594963713082998,,
zero,val,SITE,35,5319,5571,2.4942673082346305,3.075818237963621,-1.920597545755104,0.51858698579358,5319,2.4942673082346305,0.51858698579358,,
zero,val,SITE,36,4919,4719,4.150548256759504,5.192967131532669,-1.7687170550731426,0.5168236313236906,4919,4.150548256759504,0.5168236313236906,,
zero,val,SITE,37,4950,4688,4.113096590909091,5.087937167014825,-1.8861125082188486,0.5111303644966921,4950,4.113096590909091,0.5111303644966921,,
zero,val,SITE,38,5140,4498,4.806613266050584,5.961681168224169,-1.8574790498629468,0.5280428857016325,5140,4.806613266050584,0.5280428857016325,,
zero,val,SITE,39,4453,4352,2.833134789748484,3.476475511944063,-1.977383450396852,0.5395848312589193,4453,2.833134789748484,0.5395848312589193,,
zero,val,SITE,4,3314,3769,1.0113368474652988,1.16725177082957,-3.0111247294118506,0.6161163986234431,3313,1.011611454874736,0.6162086724182443,,
zero,val,SITE,40,4998,4640,6.380191138955582,8.010489848390883,-1.7350773823828178,0.48512531400728315,4998,6.380191138955582,0.48512531400728315,,
zero,val,SITE,41,5616,6282,10.086427172364672,12.266854166322371,-2.0873336767823942,0.5623772683700801,5608,10.100615192582026,0.5627781932001904,,
zero,val,SITE,42,5662,6236,2.701990793889085,3.2995366438449727,-2.0357980756440264,0.5339272047974873,5662,2.701990793889085,0.5339272047974873,,
zero,val,SITE,5,3094,3989,1.0454584478021978,1.20596402692928,-3.0245893770392662,0.6352403104812668,3093,1.0457636194633042,0.6353422639683,,
zero,val,SITE,6,3332,2974,13.726145145558224,16.766470003778664,-2.0322751699824457,0.585568393037836,3309,13.820480129948624,0.5875997433203571,,
zero,val,SITE,7,2448,9450,6.303921568627451,7.855757387706009,-1.808516284846156,0.49387710452583,2448,6.303921568627451,0.49387710452583,,
zero,val,SITE,8,3389,2917,12.406296105045737,15.502101517935065,-1.781458573517361,0.5769901117463473,3378,12.446237603611605,0.5779287053927977,,
zero,val,SITE,9,5313,6585,1.0057994541690194,1.1570756881563349,-3.0918658153130822,0.6052541401081398,5313,1.0057994541690194,0.6052541401081398,,
zero,test,ALL,,191732,218062,7.498985960464998,13.659190368385758,-0.43145124419556624,0.13780625237987387,191253,7.517297839363958,0.1379786644332712,0.0,0.0006
zero,test,SITE,1,6056,5842,10.050487120211361,12.193362344598707,-2.1191777805610323,0.5624763513526766,6042,10.073382158225753,0.563127481168034,,
zero,test,SITE,10,5872,6026,4.204045682901907,4.9240915820078826,-2.689010572368111,0.6436721022237424,5872,4.204045682901907,0.6436721022237424,,
zero,test,SITE,11,3135,3171,38.78580542264753,48.4741575672447,-1.7794290998873912,0.5232494660657212,3090,39.34552993527508,0.527045488052672,,
zero,test,SITE,12,5622,6276,7.7553584133760225,9.585686322497912,-1.8949579902566884,0.5487349558057121,5615,7.764865316117542,0.5490768296307076,,
zero,test,SITE,13,5354,6241,4.353830080313784,5.395057430116065,-1.867421371461666,0.4180165484846119,5354,4.353830080313784,0.4180165484846119,,
zero,test,SITE,14,4725,4870,5.519871031746032,6.812405764693365,-1.9114915194016402,0.50604572478438,4723,5.5221489254710985,0.5061528105202918,,
zero,test,SITE,15,4833,4920,7.6555064142354645,9.390663540181421,-1.9814459363083499,0.5073623946154052,4831,7.658611053612089,0.5074673757459756,,
zero,test,SITE,16,2982,4087,1.348080671529175,1.641503819803034,-2.0716985372467693,0.5113781294427462,2982,1.348080671529175,0.5113781294427462,,
zero,test,SITE,17,4636,5002,3.6857625781924073,4.640397970184253,-1.7091193866905088,0.49121174446936977,4636,3.6857625781924073,0.49121174446936977,,
zero,test,SITE,18,4620,4656,14.134875541125542,17.620981924705582,-1.804760169257278,0.5006627494699921,4618,14.14090244694673,0.5007711334551158,,
zero,test,SITE,19,4700,4736,16.672992021276595,20.87931906244318,-1.7598975177402605,0.4957376843604998,4697,16.68349478390462,0.4958959494792041,,
zero,test,SITE,2,6020,5878,8.669014742524917,10.60829100559244,-2.010265714729389,0.5745858364574562,6010,8.683168677204659,0.5750635274805004,,
zero,test,SITE,20,4718,4920,6.46728287939805,8.046909079156528,-1.8243011165274292,0.511930597481131,4717,6.468624125503498,0.5119848424611905,,
zero,test,SITE,21,4610,5028,3.2018912689804773,3.954873994030851,-1.9024417763365915,0.4994500795322922,4610,3.2018912689804773,0.4994500795322922,,
zero,test,SITE,22,4669,4969,5.734331494966803,7.16242546665383,-1.7853702313062745,0.4818555730801867,4668,5.7355298039845755,0.48190716305902664,,
zero,test,SITE,23,4274,4531,4.636660256785213,5.879884378376983,-1.644326486660761,0.4918918020879891,4273,4.6377106248537325,0.49194932017554366,,
zero,test,SITE,24,4760,4878,5.020604648109244,6.252428505834499,-1.8151923484972037,0.3536308638483583,4759,5.021633352595083,0.35366800095291895,,
zero,test,SITE,25,4511,4925,31.471181556195965,39.78967152746802,-1.67082352837931,0.49646787100470047,4494,31.589480418335558,0.49740597313444584,,
zero,test,SITE,26,4651,4987,3.1840548403569127,3.885338868228151,-2.044960678371903,0.5129027976106261,4651,3.1840548403569127,0.5129027976106261,,
zero,test,SITE,27,6665,5306,29.47162415603901,37.571015621552725,-1.599575133035692,0.3790563137307563,6344,30.95407077553594,0.38852760780468576,,
zero,test,SITE,28,4035,4957,1.278015605638166,1.5618171162056933,-2.0265851321904838,0.46417086837748656,4035,1.278015605638166,0.46417086837748656,,
zero,test,SITE,29,4003,5057,1.2345999289595304,1.5093282171996212,-2.0219777885947883,0.4699780206130831,4003,1.2345999289595304,0.4699780206130831,,
zero,test,SITE,3,5908,5990,6.015762525389302,7.310461858235554,-2.0975161925181687,0.5494831995949407,5907,6.016743905535805,0.5495296671751285,,
zero,test,SITE,30,4152,4653,3.182267205563584,4.063940559647709,-1.5850931482712216,0.489498927610334,4152,3.182267205563584,0.489498927610334,,
zero,test,SITE,31,4687,4951,6.030309899722637,7.751663157567041,-1.5328436536510863,0.48091989963071474,4686,6.031570102432778,0.4809711980945305,,
zero,test,SITE,32,4573,5065,2.6624224387710473,3.3503884812019487,-1.7135997110825016,0.46156300346438794,4573,2.6624224387710473,0.46156300346438794,,
zero,test,SITE,33,4725,4913,6.9085747354497355,8.912278565686268,-1.5056134583960175,0.4753029550011554,4723,6.911437380901969,0.4754035503212166,,
zero,test,SITE,34,5121,5726,1.7832347808045304,2.1474655835705603,-2.2211119174469,0.5424953145617993,5121,1.7832347808045304,0.5424953145617993,,
zero,test,SITE,35,5137,5754,2.4462014247128674,3.010590314061048,-1.942981184336181,0.5075894723421338,5137,2.4462014247128674,0.5075894723421338,,
zero,test,SITE,36,4668,4970,4.013258488646101,4.976249876258238,-1.8605267647246406,0.4952551145192376,4667,4.014096649346476,0.495308148836096,,
zero,test,SITE,37,4665,4973,3.9236887057877814,4.86736634071932,-1.8557711843566103,0.4889719841667116,4664,3.9245048509862777,0.48902437078433325,,
zero,test,SITE,38,4724,4914,4.548867815939881,5.634716314638457,-1.871271241147987,0.49908268807639794,4723,4.549806134871903,0.4991354977764508,,
zero,test,SITE,39,4106,4699,2.7371101360813443,3.3526954055221725,-1.9984482283120348,0.5203728829487995,4106,2.7371101360813443,0.5203728829487995,,
zero,test,SITE,4,3025,4057,0.8719860537190083,1.016782447979845,-2.780241997223278,0.5366934158409079,3023,0.8724931773073106,0.5368690109821783,,
zero,test,SITE,40,4711,4927,5.967234265548716,7.545121570627302,-1.6700870959934337,0.45694202732295686,4710,5.968477972399151,0.45699052220253117,,
zero,test,SITE,41,5780,6118,9.995447664359862,12.418739899742167,-1.8393979855674298,0.5693405111629647,5769,10.01424640318946,0.5698829782408118,,
zero,test,SITE,42,5814,6084,2.8866959064327484,3.5009634843974484,-2.123746760150366,0.566521863246877,5814,2.8866959064327484,0.566521863246877,,
zero,test,SITE,5,1958,5124,0.83638039453524,0.9765507372887096,-2.7527720241091,0.5143970961849993,1957,0.8367558763413387,0.5145270831448329,,
zero,test,SITE,6,3094,3212,11.945105446024563,14.867803281953057,-1.82075758520048,0.5192575225347862,3076,12.01401475130039,0.520774381390226,,
zero,test,SITE,7,1231,10667,6.9381346466287575,8.604192938640754,-1.8589991744313505,0.5409298792714341,1231,6.9381346466287575,0.5409298792714341,,
zero,test,SITE,8,3046,3260,10.897519287590283,13.821540455337074,-1.6430199367303016,0.514439423752005,3034,10.940044083717865,0.5154556510328538,,
zero,test,SITE,9,5156,6742,1.1048247793832429,1.2564988433301996,-3.408160016688317,0.6572613483725184,5156,1.1048247793832429,0.6572613483725184,,
mean_global,val,ALL,,201552,208244,6.8044365024014075,12.613639110882325,-0.010631272147948234,0.12725778672548965,201251,6.8051034001054,0.12732873083663385,0.0072,0.0006
mean_global,val,SITE,1,5836,6062,5.960507270379021,7.22726154320132,-0.16279200959519113,0.3333915279645683,5816,5.958864586529311,0.3335098309370767,,
mean_global,val,SITE,10,5777,6121,2.9781833837001472,3.6686990365382863,-1.2969661351199626,0.4795685015086376,5775,2.976974287128658,0.47939328018760113,,
mean_global,val,SITE,11,3449,2857,38.56949566204308,48.61629445412392,-1.36968618445932,0.5247837485349858,3398,39.05476985784548,0.5286428696394985,,
mean_global,val,SITE,12,5741,6157,4.075347909155486,4.740145032476192,-0.0009989102385137283,0.27135076064440616,5738,4.074142492551415,0.2712931475040151,,
mean_global,val,SITE,13,5694,5902,3.6124480963328107,4.124571432066709,-0.025657044856975064,0.3195775274580658,5691,3.610955761081954,0.31945616910421437,,
mean_global,val,SITE,14,4955,4639,3.7150410348646137,4.232314228601473,-0.049606685277739704,0.3143888657407769,4954,3.714488191970182,0.3143468101645969,,
mean_global,val,SITE,15,5016,4737,4.868520587005181,5.778303441324998,-0.05634259986904433,0.31219240879632765,5014,4.867903817301603,0.31217793661466403,,
mean_global,val,SITE,16,3387,3681,5.015295407590713,5.116044985460119,-24.64239388446976,1.5938028795592218,3387,5.015295407590713,1.5938028795592218,,
mean_global,val,SITE,17,4859,4779,3.4445061932801964,3.9842129426107427,-0.9362412088584144,0.42175093654727097,4859,3.4445061932801964,0.42175093654727097,,
mean_global,val,SITE,18,4892,4385,10.29374056335092,13.365646736216057,-0.5078676913350877,0.37975644444742623,4889,10.296115997486412,0.3798460431170627,,
mean_global,val,SITE,19,4888,4548,12.73616791726446,16.717024313995292,-0.6518007300749447,0.3969123177836275,4883,12.742690386221442,0.3970860159855755,,
mean_global,val,SITE,2,5798,6100,5.0963216487969545,5.985164488486512,-0.05275303162517786,0.3241795254428381,5795,5.095640456518225,0.32416712168196754,,
mean_global,val,SITE,20,4790,4848,4.291528535942174,4.931033556810813,-4.2292345436401035e-05,0.31370392409134396,4789,4.291073760164781,0.31368029850166507,,
mean_global,val,SITE,21,4836,4802,3.499424527801771,4.0817769918205835,-1.8023517716832904,0.5154763075321301,4836,3.499424527801771,0.5154763075321301,,
mean_global,val,SITE,22,4935,4703,4.035152569924195,4.6131255595747955,-0.012883902960578508,0.3103502117472302,4935,4.035152569924195,0.3103502117472302,,
mean_global,val,SITE,23,4556,4249,3.6303002895485177,4.111535306388127,-0.18327535178196164,0.3439575306353043,4555,3.629675270460851,0.34390157742861766,,
mean_global,val,SITE,24,4954,4684,4.676116404316665,5.474254241340454,-0.011996320044916686,0.3096181354947597,4952,4.675398428416197,0.3095937558035061,,
mean_global,val,SITE,25,5056,4380,26.950606131849863,35.571160695734235,-1.0410338721360444,0.4438322243395767,5036,27.032379489268344,0.44468453824412746,,
mean_global,val,SITE,26,4929,4709,3.3865450909982755,3.982383889963874,-1.8286318425954677,0.5257136912882567,4929,3.3865450909982755,0.5257136912882567,,
mean_global,val,SITE,27,6328,5642,30.571994721891453,40.16868666831496,-1.090449784204965,0.40526437851104274,6190,31.111876783013628,0.40964498466484733,,
mean_global,val,SITE,28,4356,4636,5.156875303491654,5.250774350260858,-27.211934200054724,1.5605261746240369,4356,5.156875303491654,1.5605261746240369,,
mean_global,val,SITE,29,4306,4755,5.224427345057107,5.310782120933514,-30.00183730434023,1.653683301392605,4306,5.224427345057107,1.653683301392605,,
mean_global,val,SITE,3,5642,6256,3.7423974557930757,4.2322315904237815,-0.04001232975726454,0.31811124944356584,5641,3.7419223312977596,0.31807450963575035,,
mean_global,val,SITE,30,4479,4326,3.651113266673751,4.21506392205159,-1.6389401352316244,0.5077016357326153,4479,3.651113266673751,0.5077016357326153,,
mean_global,val,SITE,31,4978,4660,4.338919458514922,4.97667847317148,-0.004459233126012929,0.3087574451007442,4978,4.338919458514922,0.3087574451007442,,
mean_global,val,SITE,32,4836,4802,3.868553343817751,4.355590182838531,-3.2856941975131733,0.6000436361128287,4836,3.868553343817751,0.6000436361128287,,
mean_global,val,SITE,33,4977,4661,4.915709567454167,5.800018664111521,-0.010031468148729239,0.3093222445635912,4976,4.915400460708503,0.3093148422330525,,
mean_global,val,SITE,34,5355,5493,4.740762321410049,4.899136089034078,-14.721113438963679,1.2376255964403347,5355,4.740762321410049,1.2376255964403347,,
mean_global,val,SITE,35,5319,5571,4.084557425640404,4.463507341924708,-5.150393283545194,0.7525531872939059,5319,4.084557425640404,0.7525531872939059,,
mean_global,val,SITE,36,4919,4719,3.4320827196063144,3.954286717829384,-0.6054017807358942,0.39354549509741366,4919,3.4320827196063144,0.39354549509741366,,
mean_global,val,SITE,37,4950,4688,3.3592987320222907,3.8793499873506057,-0.6778290262086164,0.3897165998628331,4950,3.3592987320222907,0.3897165998628331,,
mean_global,val,SITE,38,5140,4498,3.465309773981578,3.9470045286107456,-0.2525088753818321,0.349597303571646,5140,3.465309773981578,0.349597303571646,,
mean_global,val,SITE,39,4453,4352,3.7456899441265508,4.253166162495218,-3.456368758559914,0.6601352255240779,4453,3.7456899441265508,0.6601352255240779,,
mean_global,val,SITE,4,3314,3769,5.567487886409738,5.5979099530791725,-91.25478486569564,2.9547730886356045,3313,5.567213279000301,2.9546219803707174,,
mean_global,val,SITE,40,4998,4640,4.14351994683739,4.847738023717523,-0.0016817323355606817,0.2935850959792955,4998,4.14351994683739,0.2935850959792955,,
mean_global,val,SITE,41,5616,6282,6.545890979837777,7.8130002496417825,-0.25242821278486116,0.3581891231927465,5608,6.5460446050103345,0.3582711077851842,,
mean_global,val,SITE,42,5662,6236,3.87683393998595,4.314629672641831,-4.191035767934526,0.6981883850713765,5662,3.87683393998595,0.6981883850713765,,
mean_global,val,SITE,5,3094,3989,5.533366286072838,5.565923851798011,-84.72892753042126,2.9318446626754957,3093,5.533061114411732,2.9316767474738943,,
mean_global,val,SITE,6,3332,2974,9.774173273252988,11.991315394815587,-0.5510256819102424,0.418796281183191,3309,9.797455198730683,0.4198326456079324,,
mean_global,val,SITE,7,2448,9450,4.131059633335074,4.695643591815109,-0.0034392227278972065,0.2952065277168795,2448,4.131059633335074,0.2952065277168795,,
mean_global,val,SITE,8,3389,2917,9.041920468095409,10.970797191093533,-0.3930535653418763,0.40833441129978837,3378,9.050399132416436,0.40877004031957237,,
mean_global,val,SITE,9,5313,6585,5.573025279706016,5.602303309743062,-94.92483971992218,2.9305060222692902,5313,5.573025279706016,2.9305060222692902,,
mean_global,test,ALL,,191732,218062,6.502064039863722,11.453618981242158,-0.006496126943382308,0.115554455675875,191253,6.502341390428516,0.11565403766217115,0.0072,0.0005
mean_global,test,SITE,1,6056,5842,6.503690192372969,7.72775734853558,-0.2528530154488653,0.3564792577060237,6042,6.503909178870647,0.35660810577749946,,
mean_global,test,SITE,10,5872,6026,2.7238267114371753,3.4946034603393206,-0.8580331653324877,0.45681090984862477,5872,2.7238267114371753,0.45681090984862477,,
mean_global,test,SITE,11,3135,3171,33.77397411196693,43.39003174298858,-1.226973224514321,0.46836937621036756,3090,34.17513729061228,0.47169767015099856,,
mean_global,test,SITE,12,5622,6276,5.013065999560785,5.755347917580781,-0.04361185576259863,0.32946629786830006,5615,5.011275427674731,0.3294137782476412,,
mean_global,test,SITE,13,5354,6241,3.312571223762857,3.886053205294747,-0.4877051225021427,0.30109680372205533,5354,3.312571223762857,0.30109680372205533,,
mean_global,test,SITE,14,4725,4870,3.635758681094955,4.130530115974353,-0.07035070595936532,0.30682803967946487,4723,3.634571960344254,0.3067351547889793,,
mean_global,test,SITE,15,4833,4920,4.716056969655673,5.54409836739177,-0.03919304669924428,0.29953868665695,4831,4.715350483311554,0.29951747799565215,,
mean_global,test,SITE,16,2982,4087,5.230744062345861,5.313934205392824,-31.190456926735294,1.6554513618260578,2982,5.230744062345861,1.6554513618260578,,
mean_global,test,SITE,17,4636,5002,3.4790061508276193,4.039586139139702,-1.0530117479790828,0.4276124951115584,4636,3.4790061508276193,0.4276124951115584,,
mean_global,test,SITE,18,4620,4656,10.087996263069359,12.953694501162317,-0.5157334008559407,0.36805169725833,4618,10.089610780838608,0.3681121746258015,,
mean_global,test,SITE,19,4700,4736,12.395130354414933,16.119848473102902,-0.64506174905156,0.38273357145408193,4697,12.398991631157879,0.3828368124052926,,
mean_global,test,SITE,2,6020,5878,5.572030019196216,6.461649613332412,-0.11686528368080595,0.3499877921914394,6010,5.570625202699247,0.34999182478528595,,
mean_global,test,SITE,20,4718,4920,4.191971958101847,4.789513490048525,-0.0005426608996954574,0.3047006594066656,4717,4.191495759718177,0.3046745953133727,,
mean_global,test,SITE,21,4610,5028,3.514234177534518,4.097877528259342,-2.116134278273409,0.517509599671649,4610,3.514234177534518,0.517509599671649,,
mean_global,test,SITE,22,4669,4969,3.8375905891492628,4.373894111860145,-0.038721756738716806,0.29425580254548245,4668,3.8370334749365966,0.29421902873759936,,
mean_global,test,SITE,23,4274,4531,3.6284093139892497,4.104439647783817,-0.2885024566143164,0.3433639311572753,4273,3.6277535737786515,0.34330548602768696,,
mean_global,test,SITE,24,4760,4878,3.515215985779895,4.039113890897313,-0.1748510324114958,0.22844808750504547,4759,3.5145985012772485,0.22841080824106427,,
mean_global,test,SITE,25,4511,4925,26.512036538736265,34.81970878526266,-1.0452893392873284,0.43445612959356467,4494,26.588191323044814,0.435249534701209,,
mean_global,test,SITE,26,4651,4987,3.4948593367935405,4.05981717870413,-2.324580376043101,0.535935644062528,4651,3.4948593367935405,0.535935644062528,,
mean_global,test,SITE,27,6665,5306,24.86420122964107,32.66626470571081,-0.965148877930345,0.3295719766382007,6344,25.798210664562404,0.3374940751120895,,
mean_global,test,SITE,28,4035,4957,5.30080912823687,5.376292982178119,-34.863972560741054,1.5978302173125507,4035,5.30080912823687,1.5978302173125507,,
mean_global,test,SITE,29,4003,5057,5.344224804915506,5.414293439417767,-37.88727080736659,1.6859148889412299,4003,5.344224804915506,1.6859148889412299,,
mean_global,test,SITE,3,5908,5990,3.7148792448623924,4.1917171743169135,-0.018375396251309573,0.3150660258415791,5907,3.714431437940264,0.31503129608674946,,
mean_global,test,SITE,30,4152,4653,3.6574867507564677,4.233838842926531,-1.805757601102886,0.5099630624191928,4152,3.6574867507564677,0.5099630624191928,,
mean_global,test,SITE,31,4687,4951,4.317532000147036,4.901480668632145,-0.012682222025997225,0.3040921081431902,4686,4.3170761118129075,0.3040683001885076,,
mean_global,test,SITE,32,4573,5065,3.952324674511485,4.413028061274356,-3.707917335443006,0.6079565094504158,4573,3.952324674511485,0.6079565094504158,,
mean_global,test,SITE,33,4725,4913,4.827503812150983,5.639950303028831,-0.0034300952544066288,0.30078559880414213,4723,4.826825055673438,0.30076649330351757,,
mean_global,test,SITE,34,5121,5726,4.795589953070505,4.942607120451698,-16.063399974400497,1.2486073001955196,5121,4.795589953070505,1.2486073001955196,,
mean_global,test,SITE,35,5137,5754,4.132623309162168,4.489802673200839,-5.54543740151056,0.7569866146072053,5137,4.132623309162168,0.7569866146072053,,
mean_global,test,SITE,36,4668,4970,3.33947445717445,3.903709683484189,-0.7603404964995875,0.3885118783057449,4667,3.3388021221033766,0.38843890007526305,,
mean_global,test,SITE,37,4665,4973,3.3774399539575484,3.9173548936096845,-0.8497846650486569,0.3935345443364404,4664,3.376778676667686,0.39346193891725495,,
mean_global,test,SITE,38,4724,4914,3.397215835156978,3.895966456250863,-0.3726522527708527,0.34507671780915894,4723,3.3965670057268023,0.3450127534917619,,
mean_global,test,SITE,39,4106,4699,3.841714597793692,4.302042030951276,-3.936937785090956,0.6677212640688301,4106,3.841714597793692,0.6677212640688301,,
mean_global,test,SITE,4,3025,4057,5.706838680156027,5.730749915147617,-119.08435634715012,3.0248906768614225,3023,5.706331556567726,3.0246145341152424,,
mean_global,test,SITE,40,4711,4927,4.030957904676588,4.657791068366451,-0.017543424050071366,0.2820816700835712,4710,4.030440178173574,0.2820538441823447,,
mean_global,test,SITE,41,5780,6118,6.8660052175794055,8.12338839005041,-0.21491429822476604,0.3724189519793884,5769,6.866812807338593,0.37255066149062277,,
mean_global,test,SITE,42,5814,6084,3.6921288274422865,4.189934049755328,-3.474196265191411,0.6780102835484038,5814,3.6921288274422865,0.6780102835484038,,
mean_global,test,SITE,5,1958,5124,5.742444339339796,5.76452826938613,-129.76457437125,3.0364593353145044,1957,5.742068857533697,3.0362556282607587,,
mean_global,test,SITE,6,3094,3212,8.300078090616587,10.351956288344558,-0.36746749281706226,0.3615417203023475,3076,8.311140975994139,0.36219340935927186,,
mean_global,test,SITE,7,1231,10667,4.553336083573619,5.101326039767321,-0.004985768930272805,0.3207110415229119,1231,4.553336083573619,0.3207110415229119,,
mean_global,test,SITE,8,3046,3260,7.719255905750897,9.535731570435846,-0.25804325918588167,0.3549210936364607,3034,7.7243433065625355,0.3553033314424178,,
mean_global,test,SITE,9,5156,6742,5.473999954491792,5.506616661065761,-83.66479354661816,2.8804533413100266,5156,5.473999954491792,2.8804533413100266,,
mean_site,val,ALL,,201552,208244,5.099473352719742,9.138036793284385,0.4695826336417308,0.09219277062764465,201251,5.070141511269146,0.09165654396011236,0.0447,0.0116
mean_site,val,SITE,1,5836,6062,5.83247245383592,6.737519927641452,-0.010542588691119681,0.31079988595142793,5816,5.823456775435755,0.3104927045292692,,
mean_site,val,SITE,10,5777,6121,2.1508694653534426,2.448504823937254,-0.023133603976999595,0.32006599005740094,5775,2.150456082667418,0.3200180018604638,,
mean_site,val,SITE,11,3449,2857,28.97270478756027,32.960279339597804,-0.08920316965912622,0.35578645264534653,3398,28.900767610181326,0.35565424473111157,,
mean_site,val,SITE,12,5741,6157,4.046554935555701,4.777437491558925,-0.016811318469491354,0.27348557657705574,5738,4.045733924833327,0.27345824330429436,,
mean_site,val,SITE,13,5694,5902,3.5726773164685315,4.158327864412688,-0.042514166875273096,0.32219302275560463,5691,3.5719505686264883,0.32215754243212685,,
mean_site,val,SITE,14,4955,4639,3.561450680596634,4.223238347784737,-0.04510990613679211,0.31371468236935107,4954,3.561229673576184,0.3137078554783371,,
mean_site,val,SITE,15,5016,4737,4.894893586274591,5.8571975809558285,-0.08538509585956922,0.3164549318260311,5014,4.894410321137345,0.3164494459703443,,
mean_site,val,SITE,16,3387,3681,0.8966221470779824,1.0613090166614558,-0.1035031205887671,0.3306298853244085,3387,0.8966221470779824,0.3306298853244085,,
mean_site,val,SITE,17,4859,4779,2.4443779625547397,2.9336571897974393,-0.04976744808598155,0.31054381006426707,4859,2.4443779625547397,0.31054381006426707,,
mean_site,val,SITE,18,4892,4385,9.359996582902111,11.091640426433038,-0.0384243021745172,0.3151453883648011,4889,9.358348512643001,0.31512803624521696,,
mean_site,val,SITE,19,4888,4548,11.183228841269095,13.316057896491339,-0.04807184635712547,0.3161631702008447,4883,11.180328554153082,0.316145710470945,,
mean_site,val,SITE,2,5798,6100,5.0873164054397595,5.871218352909973,-0.013049774635801814,0.3180077645449871,5795,5.086281929454032,0.3179701866810265,,
mean_site,val,SITE,20,4790,4848,4.260472151305998,5.051385066627954,-0.04945398965629244,0.3213604813759334,4789,4.260233167770745,0.3213556199149247,,
mean_site,val,SITE,21,4836,4802,2.100732226927036,2.5233788327899846,-0.07099887570574914,0.3186705216472768,4836,2.100732226927036,0.3186705216472768,,
mean_site,val,SITE,22,4935,4703,3.93807337544189,4.7547503136953475,-0.07603042200220567,0.31987808430615833,4935,3.93807337544189,0.31987808430615833,,
mean_site,val,SITE,23,4556,4249,3.2910297879727537,3.8754062764370096,-0.05126509948834346,0.3242037520584533,4555,3.290873409498267,0.3242013637669191,,
mean_site,val,SITE,24,4954,4684,4.668537161895836,5.524155457563484,-0.030530357242079642,0.31244049646755084,4952,4.667959424047768,0.3124266809368266,,
mean_site,val,SITE,25,5056,4380,21.434394843697916,25.34836362218596,-0.03646346017624347,0.3162792663988717,5036,21.412252655325176,0.3161942121688662,,
mean_site,val,SITE,26,4929,4709,2.0623677703189647,2.4615262603732027,-0.08068501096704872,0.32494558342428254,4929,2.0623677703189647,0.32494558342428254,,
mean_site,val,SITE,27,6328,5642,23.611008365422556,28.001503505163658,-0.015844365925639536,0.28250891071194123,6190,23.42688229897931,0.28157698100738154,,
mean_site,val,SITE,28,4356,4636,0.8498202780291003,1.0397272317431023,-0.10617793104450635,0.3090061486881256,4356,0.8498202780291003,0.3090061486881256,,
mean_site,val,SITE,29,4306,4755,0.8182120726933322,0.9907295207183294,-0.0788987040771234,0.3084955901600074,4306,0.8182120726933322,0.3084955901600074,,
mean_site,val,SITE,3,5642,6256,3.6208734788425985,4.17066102830911,-0.009972216120376798,0.3134833627070369,5641,3.620597438373069,0.31346831873320896,,
mean_site,val,SITE,30,4479,4326,2.2144766056697285,2.6217655919087166,-0.020960469400849835,0.31578991544016066,4479,2.2144766056697285,0.31578991544016066,,
mean_site,val,SITE,31,4978,4660,4.217160356689001,5.0597320213439865,-0.038264919290124766,0.3139101592008281,4978,4.217160356689001,0.3139101592008281,,
mean_site,val,SITE,32,4836,4802,1.7731794361433133,2.1549538274218976,-0.04906668900752642,0.29687511358536567,4836,1.7731794361433133,0.29687511358536567,,
mean_site,val,SITE,33,4977,4661,4.8876890622146085,5.8807780503891305,-0.03835462113720256,0.31362924357163574,4976,4.88748530073256,0.3136290199465263,,
mean_site,val,SITE,34,5355,5493,1.088270236669458,1.2805416919732142,-0.07406790682642761,0.32349196807217745,5355,1.088270236669458,0.32349196807217745,,
mean_site,val,SITE,35,5319,5571,1.5515894370926644,1.8620024346758184,-0.07031317023330441,0.3139360506484716,5319,1.5515894370926644,0.3139360506484716,,
mean_site,val,SITE,36,4919,4719,2.6976550091984253,3.2230546358099166,-0.06655379041030862,0.32077052649133586,4919,2.6976550091984253,0.32077052649133586,,
mean_site,val,SITE,37,4950,4688,2.5621839848062584,3.0961879201501294,-0.06877036229026645,0.3110407240160754,4950,2.5621839848062584,0.3110407240160754,,
mean_site,val,SITE,38,5140,4498,3.0735721710330997,3.6769734734004107,-0.08699252154100279,0.32567989276103143,5140,3.0735721710330997,0.32567989276103143,,
mean_site,val,SITE,39,4453,4352,1.7534616627113422,2.0588621768240265,-0.04426559918237882,0.31955663040057647,4453,1.7534616627113422,0.31955663040057647,,
mean_site,val,SITE,4,3314,3769,0.5317364768021705,0.6107652262344314,-0.09821074683788011,0.32238329467219473,3313,0.5316774995807696,0.3223629887959057,,
mean_site,val,SITE,40,4998,4640,4.075922129527016,5.01176678470023,-0.07061463667250822,0.30351888351089645,4998,4.075922129527016,0.30351888351089645,,
mean_site,val,SITE,41,5616,6282,6.298443194616457,7.308546187143217,-0.0959207693880555,0.335062289381924,5608,6.296324578905449,0.3350302025468993,,
mean_site,val,SITE,42,5662,6236,1.651771293773066,1.9055610601315613,-0.012541211562343113,0.30835568754931664,5662,1.651771293773066,0.30835568754931664,,
mean_site,val,SITE,5,3094,3989,0.5521986691630428,0.6313644094130729,-0.10309537393788482,0.33257055310647465,3093,0.552134433356884,0.33254827195117787,,
mean_site,val,SITE,6,3332,2974,8.886499358582821,10.326270551037448,-0.15019727957993734,0.36064464680294495,3309,8.879869105924827,0.36075976864634063,,
mean_site,val,SITE,7,2448,9450,4.0799506076738306,4.722931401946204,-0.015135689896479176,0.2969220624503587,2448,4.0799506076738306,0.2969220624503587,,
mean_site,val,SITE,8,3389,2917,8.492667735131771,9.734446246291357,-0.0967659157039209,0.3623172781405332,3378,8.48979707144943,0.3623601106052102,,
mean_site,val,SITE,9,5313,6585,0.5003077507973452,0.5849753714605013,-0.04585869202978343,0.3059944730166414,5313,0.5003077507973452,0.3059944730166414,,
mean_site,test,ALL,,191732,218062,4.896354949532275,8.3962768005184,0.4591209753273371,0.08470922570209846,191253,4.840774959520252,0.08355969296512807,0.0447,0.0117
mean_site,test,SITE,1,6056,5842,6.204749726126107,7.055824100590195,-0.04445241862932581,0.32548316729423565,6042,6.199604658583788,0.3253225044876749,,
mean_site,test,SITE,10,5872,6026,2.3834407804140416,2.671219926689629,-0.0856177815866992,0.3491790753845309,5872,2.3834407804140416,0.3491790753845309,,
mean_site,test,SITE,11,3135,3171,25.710452844096416,29.44980113914864,-0.02588762912925402,0.3178929453374115,3090,25.593281500716355,0.317165520885947,,
mean_site,test,SITE,12,5622,6276,5.08961137775725,5.958657425669791,-0.11864600224891131,0.3411048003377854,5615,5.088868722287459,0.3411238580242655,,
mean_site,test,SITE,13,5354,6241,2.8106016133294753,3.269244163238334,-0.052916878801138933,0.253305581816754,5354,2.8106016133294753,0.253305581816754,,
mean_site,test,SITE,14,4725,4870,3.450491240116326,4.060216068140698,-0.03421969760618704,0.3016049034589366,4723,3.4499872370590365,0.30158533435341744,,
mean_site,test,SITE,15,4833,4920,4.734715931052319,5.612131599358772,-0.06485400899539462,0.3032144123750004,4831,4.7341448129176475,0.30320267666663187,,
mean_site,test,SITE,16,2982,4087,0.7968272281097277,0.9429860728339233,-0.013690444696452087,0.2937687065962694,2982,0.7968272281097277,0.2937687065962694,,
mean_site,test,SITE,17,4636,5002,2.4163978648411866,2.8661637670335662,-0.03352191723803877,0.3033992586380595,4636,2.4163978648411866,0.3033992586380595,,
mean_site,test,SITE,18,4620,4656,9.098743222531645,10.697668215131904,-0.03374582468934162,0.3039515053356013,4618,9.097493955088611,0.3039347291274989,,
mean_site,test,SITE,19,4700,4736,10.82833875537051,12.803693131317273,-0.03784096190419883,0.3039980932902579,4697,10.826313647546328,0.30397911091559215,,
mean_site,test,SITE,2,6020,5878,5.498889496065547,6.276245338148619,-0.05369229990211011,0.33994558365067556,6010,5.496242480499591,0.3398674692994487,,
mean_site,test,SITE,20,4718,4920,4.146681375719992,4.882120374229718,-0.03960838950330081,0.3105921510444353,4717,4.146421245780219,0.31058518702414467,,
mean_site,test,SITE,21,4610,5028,2.0064623414907126,2.3848041941352567,-0.055367383499277834,0.30117031445945647,4610,2.0064623414907126,0.30117031445945647,,
mean_site,test,SITE,22,4669,4969,3.6674213960474176,4.393264972037445,-0.047942596858052244,0.2955589863587375,4668,3.6672100407987105,0.29555511667454704,,
mean_site,test,SITE,23,4274,4531,3.123911429247439,3.6547496407506115,-0.021627951971179726,0.30574434313374665,4273,3.123716590185887,0.3057381924037101,,
mean_site,test,SITE,24,4760,4878,3.415161808815318,3.915940531625517,-0.1042890870399753,0.2214815302062706,4759,3.4145978554081116,0.2214483506933308,,
mean_site,test,SITE,25,4511,4925,21.016876055952707,24.714016918855535,-0.030365158760752964,0.3083643290497685,4494,20.99412941132876,0.308249851128686,,
mean_site,test,SITE,26,4651,4987,1.9221795113972007,2.277687076295611,-0.046434376882725115,0.30067700994285235,4651,1.9221795113972007,0.30067700994285235,,
mean_site,test,SITE,27,6665,5306,20.472799626133643,23.4494699237435,-0.012657453475279024,0.2365831607473352,6344,19.89360310586221,0.2314217918576095,,
mean_site,test,SITE,28,4035,4957,0.7493161265225445,0.9152599691604878,-0.03939703649949178,0.2720145721724973,4035,0.7493161265225445,0.2720145721724973,,
mean_site,test,SITE,29,4003,5057,0.7346402933916258,0.8807803227429397,-0.02910358834377136,0.27425936119163624,4003,0.7346402933916258,0.27425936119163624,,
mean_site,test,SITE,3,5908,5990,3.703662738926076,4.209262277873127,-0.026918384571790188,0.31638478515203666,5907,3.703423725039411,0.31637201180644026,,
mean_site,test,SITE,30,4152,4653,2.1568465661442224,2.5454501137604866,-0.01416981946823559,0.30659776704002095,4152,2.1568465661442224,0.30659776704002095,,
mean_site,test,SITE,31,4687,4951,4.158581405078749,4.928772411805474,-0.02399097121701943,0.3057853115397867,4686,4.158369645364062,0.30578230454453437,,
mean_site,test,SITE,32,4573,5065,1.7074661698530993,2.0660714600247263,-0.03192023274330036,0.28463032087519435,4573,1.7074661698530993,0.28463032087519435,,
mean_site,test,SITE,33,4725,4913,4.781444029955119,5.698962437155508,-0.024538202985386448,0.3039327896739749,4723,4.78097961129455,0.3039286758625211,,
mean_site,test,SITE,34,5121,5726,1.0491626880603864,1.22918429558085,-0.0553278417284202,0.310518001399973,5121,1.0491626880603864,0.310518001399973,,
mean_site,test,SITE,35,5137,5754,1.510858763219995,1.8066402534364272,-0.0598088219035382,0.3046019143391357,5137,1.510858763219995,0.3046019143391357,,
mean_site,test,SITE,36,4668,4970,2.544472133191574,3.017088244268921,-0.051520348585079034,0.3002719761037394,4667,2.544322274655114,0.30026695837128553,,
mean_site,test,SITE,37,4665,4973,2.449447329425641,2.941278221744648,-0.04281567996623359,0.29547861151134847,4664,2.44928414952885,0.29547254678039203,,
mean_site,test,SITE,38,4724,4914,2.8695741040887874,3.4161483637722205,-0.05536711355101165,0.30257787846922396,4723,2.8694090292467442,0.3025733583672288,,
mean_site,test,SITE,39,4106,4699,1.6759802315227652,1.9637442342091929,-0.02867503934327109,0.3047933453323552,4106,1.6759802315227652,0.3047933453323552,,
mean_site,test,SITE,4,3025,4057,0.45880210993691883,0.5247488662517774,-0.006854091395370965,0.27698084486691754,3023,0.4586271713650589,0.27689841102822343,,
mean_site,test,SITE,40,4711,4927,3.8646131386208498,4.699483943304058,-0.035841447553042194,0.28460664289157445,4710,3.864375543011275,0.2846028780621724,,
mean_site,test,SITE,41,5780,6118,6.691335784489526,7.6554633957866285,-0.07898194108168632,0.3509668032452323,5769,6.689245005800156,0.35095512670468093,,
mean_site,test,SITE,42,5814,6084,1.7774229750803006,2.0201894157161773,-0.040123334106516806,0.3269047155172273,5814,1.7774229750803006,0.3269047155172273,,
mean_site,test,SITE,5,1958,5124,0.44303901104555504,0.5043581762338605,-0.0010152393835034523,0.2656701504441734,1957,0.44288170853836706,0.26558756702445163,,
mean_site,test,SITE,6,3094,3212,7.793332372944952,9.064794016707566,-0.048547313623963584,0.31658762186591227,3076,7.781441607610673,0.31642560615689114,,
mean_site,test,SITE,7,1231,10667,4.562371124121835,5.230749147130189,-0.05662658894133088,0.3288476356625349,1231,4.562371124121835,0.3288476356625349,,
mean_site,test,SITE,8,3046,3260,7.481206949626115,8.613410203378027,-0.026450005810199295,0.32059217971281984,3034,7.473740342485403,0.32047603827511506,,
mean_site,test,SITE,9,5156,6742,0.5537542689211102,0.6381394817893591,-0.13701029088613215,0.33380406076537256,5156,0.5537542689211102,0.33380406076537256,,
persistence_prev_day,val,ALL,,186080,223716,3.4250695475400366,7.5988119132095235,0.6302568114130929,0.07666367947565969,185957,3.427226056460633,0.07668899729911466,0.0541,0.2364
persistence_prev_day,val,SITE,1,5461,6437,3.993980040285662,5.852702806286242,0.20751870904066005,0.2699835227556997,5452,4.000504402054292,0.27020624869546883,,
persistence_prev_day,val,SITE,10,5427,6471,1.3838129952091396,1.9954488103150114,0.3002489303298479,0.26084298174072285,5427,1.3838129952091396,0.26084298174072285,,
persistence_prev_day,val,SITE,11,3257,3049,10.932203715075223,18.93761564292754,0.6283128280852543,0.20442020596177476,3214,11.075781736154324,0.20578279500340405,,
persistence_prev_day,val,SITE,12,5376,6522,2.5476888020833335,3.8210302806592904,0.3240488315312985,0.21873581208982026,5376,2.5476888020833335,0.21873581208982026,,
persistence_prev_day,val,SITE,13,5247,6349,2.4447184105202973,3.5092878994193475,0.24890680181809666,0.27190450414214234,5247,2.4447184105202973,0.27190450414214234,,
persistence_prev_day,val,SITE,14,4597,4997,2.7401175358929737,3.8764949523908894,0.09175039433392018,0.2879575535521461,4597,2.7401175358929737,0.2879575535521461,,
persistence_prev_day,val,SITE,15,4615,5138,3.787747156013001,5.29965463848596,0.07318795128461109,0.2863317865145161,4615,3.787747156013001,0.2863317865145161,,
persistence_prev_day,val,SITE,16,3066,4002,0.5786135997635355,0.8643740016667651,0.23008601079672764,0.26927866678027607,3066,0.5786135997635355,0.26927866678027607,,
persistence_prev_day,val,SITE,17,4466,5172,1.814007920958352,2.6404327790920115,0.1154070145560091,0.2795043873188302,4466,1.814007920958352,0.2795043873188302,,
persistence_prev_day,val,SITE,18,4546,4731,6.992472778266608,10.028509710146517,0.12007478361933366,0.2849387886567712,4546,6.992472778266608,0.2849387886567712,,
persistence_prev_day,val,SITE,19,4485,4951,8.105030657748049,11.737857249043074,0.15556570734543262,0.27869195133195235,4484,8.106817294826048,0.27872302388309533,,
persistence_prev_day,val,SITE,2,5434,6464,3.4867213378726536,5.15417508454874,0.19649437086028387,0.27916994364524655,5434,3.4867213378726536,0.27916994364524655,,
persistence_prev_day,val,SITE,20,4381,5257,3.241504508103173,4.609113033412087,0.09293422148945762,0.2932238907936119,4381,3.241504508103173,0.2932238907936119,,
persistence_prev_day,val,SITE,21,4437,5201,1.6374723560401172,2.32626402691478,0.05335117391542932,0.293777438929609,4437,1.6374723560401172,0.293777438929609,,
persistence_prev_day,val,SITE,22,4528,5110,2.921245237963781,4.2141700113976395,0.11756350895324252,0.28351028787012567,4528,2.921245237963781,0.28351028787012567,,
persistence_prev_day,val,SITE,23,4175,4630,2.3221051646706585,3.418035492825686,0.15189196866051136,0.2859416155102735,4175,2.3221051646706585,0.2859416155102735,,
persistence_prev_day,val,SITE,24,4556,5082,3.457089552238806,4.989111024420611,0.1282874128526975,0.28217893891227314,4556,3.457089552238806,0.28217893891227314,,
persistence_prev_day,val,SITE,25,4673,4763,15.276481917397817,22.3724594835871,0.16368214179283125,0.2791480025485449,4663,15.308974908856959,0.27944714496912804,,
persistence_prev_day,val,SITE,26,4574,5064,1.5934374316790556,2.2357281526891963,0.07604663807576972,0.29513802092996483,4574,1.5934374316790556,0.29513802092996483,,
persistence_prev_day,val,SITE,27,6003,5967,18.37431284357821,26.10839377224274,0.09700111783417842,0.2634092088546092,5959,18.50843262292331,0.2643797421112862,,
persistence_prev_day,val,SITE,28,3970,5022,0.6410353038413098,0.9272047221176132,0.09256922205571483,0.2755645437377553,3970,0.6410353038413098,0.2755645437377553,,
persistence_prev_day,val,SITE,29,3905,5156,0.6440525968309859,0.9272352347283992,0.01694663944687147,0.2887245963431988,3905,0.6440525968309859,0.2887245963431988,,
persistence_prev_day,val,SITE,3,5215,6683,2.5334611697027802,3.7132547248157177,0.17226596652398019,0.2791028975555361,5215,2.5334611697027802,0.2791028975555361,,
persistence_prev_day,val,SITE,30,4125,4680,1.54240625,2.312139503566941,0.17244966140379048,0.2784956597838673,4125,1.54240625,0.2784956597838673,,
persistence_prev_day,val,SITE,31,4638,5000,3.0112134136481243,4.4663297655936836,0.16344869846976218,0.2770949690312845,4638,3.0112134136481243,0.2770949690312845,,
persistence_prev_day,val,SITE,32,4454,5184,1.2346538925684778,1.855130704367115,0.18964062320680486,0.2555702732775361,4454,1.2346538925684778,0.2555702732775361,,
persistence_prev_day,val,SITE,33,4616,5022,3.318457538994801,5.004008952652355,0.22035490233347188,0.2668700517514352,4616,3.318457538994801,0.2668700517514352,,
persistence_prev_day,val,SITE,34,5105,5743,0.8773230901077375,1.2242823606874325,-0.002247726317053056,0.3092796687662343,5105,0.8773230901077375,0.3092796687662343,,
persistence_prev_day,val,SITE,35,4924,5966,1.211721288586515,1.7257666876139743,0.03501432781375369,0.2909665251563174,4924,1.211721288586515,0.2909665251563174,,
persistence_prev_day,val,SITE,36,4555,5083,2.050639750274424,2.937120040452521,0.08088681266007203,0.29231323952020427,4555,2.050639750274424,0.29231323952020427,,
persistence_prev_day,val,SITE,37,4611,5027,1.9005079565170244,2.7280149931712105,0.1397751223257101,0.27405434698599906,4611,1.9005079565170244,0.27405434698599906,,
persistence_prev_day,val,SITE,38,4851,4787,2.2566175144300145,3.245776140363138,0.12666473075645923,0.28748753097264135,4851,2.2566175144300145,0.28748753097264135,,
persistence_prev_day,val,SITE,39,4070,4735,1.3339690187346438,1.911041266745571,0.06496989559077282,0.2966133015759704,4070,1.3339690187346438,0.2966133015759704,,
persistence_prev_day,val,SITE,4,2877,4206,0.30162034019812306,0.45706327787878076,0.3300627865420558,0.24125401883910902,2877,0.30162034019812306,0.24125401883910902,,
persistence_prev_day,val,SITE,40,4602,5036,3.009830983811386,4.445258165018693,0.10987880709148012,0.2692104108441413,4602,3.009830983811386,0.2692104108441413,,
persistence_prev_day,val,SITE,41,5203,6695,3.416106092638862,5.322120702127908,0.39304582547235023,0.24399407230385822,5203,3.416106092638862,0.24399407230385822,,
persistence_prev_day,val,SITE,42,5350,6548,1.089696261682243,1.6169936097029243,0.2467843074027618,0.26166003636134977,5350,1.089696261682243,0.26166003636134977,,
persistence_prev_day,val,SITE,5,2685,4398,0.31738244878957167,0.47941283539284674,0.3220560141737334,0.2525302178201003,2685,0.31738244878957167,0.2525302178201003,,
persistence_prev_day,val,SITE,6,3129,3177,3.4467531559603706,5.913301593706362,0.6096086425791585,0.20652185647869423,3114,3.4631703596660244,0.20701863244479288,,
persistence_prev_day,val,SITE,7,1779,10119,2.2708157672849913,3.4548751403822067,0.4315736408567782,0.21720168363403256,1779,2.2708157672849913,0.21720168363403256,,
persistence_prev_day,val,SITE,8,3191,3115,2.9734507207771856,5.254118131754169,0.6704364658791682,0.19555891854159166,3190,2.974353448275862,0.19558955825054625,,
persistence_prev_day,val,SITE,9,4921,6977,0.38643854145498885,0.5363275986284042,0.08384040925085223,0.2805473339789324,4921,0.38643854145498885,0.2805473339789324,,
persistence_prev_day,test,ALL,,182029,227765,2.7827855661906895,6.294075937050741,0.6992369193388481,0.06350032422762188,181864,2.785122152147346,0.06352884560762508,0.0541,0.1984
persistence_prev_day,test,SITE,1,5812,6086,2.911153647625602,4.839995811643586,0.4918345406510506,0.22326763592828477,5806,2.9140328970031004,0.22338282905756704,,
persistence_prev_day,test,SITE,10,5594,6304,1.07811941365749,1.7281775310249516,0.5333633101147909,0.22590555961127667,5594,1.07811941365749,0.22590555961127667,,
persistence_prev_day,test,SITE,11,3049,3257,13.362311413578222,20.96351696126216,0.4736614094819357,0.22628859597247064,3013,13.518586126783937,0.227633945116438,,
persistence_prev_day,test,SITE,12,5239,6659,2.431964592479481,3.873213588063445,0.5128115150796762,0.22172305827322683,5238,2.4324288850706375,0.2217442221217238,,
persistence_prev_day,test,SITE,13,4756,6839,1.8997187762825904,2.787450504610604,0.2351274685491802,0.21597553948261627,4756,1.8997187762825904,0.21597553948261627,,
persistence_prev_day,test,SITE,14,4546,5049,2.267859106907171,3.3324677103785625,0.2865242191447518,0.2475455949143642,4546,2.267859106907171,0.2475455949143642,,
persistence_prev_day,test,SITE,15,4636,5117,2.9594747627264884,4.329567213975726,0.34797205142528087,0.23391952868206317,4636,2.9594747627264884,0.23391952868206317,,
persistence_prev_day,test,SITE,16,2819,4250,0.6397055970645619,0.8991034798976576,0.06180349300629462,0.2800979505370251,2819,0.6397055970645619,0.2800979505370251,,
persistence_prev_day,test,SITE,17,4443,5195,1.520981037587216,2.2843805755858293,0.3301886500067486,0.24181429583741137,4443,1.520981037587216,0.24181429583741137,,
persistence_prev_day,test,SITE,18,4472,4804,5.842799642218247,8.672733729380328,0.30856064627278945,0.24641729575153873,4471,5.843770968463431,0.2464440272513575,,
persistence_prev_day,test,SITE,19,4545,4891,6.738613861386138,10.111762566244057,0.34069822303371455,0.24008358435451996,4544,6.739704830545775,0.24010918087144262,,
persistence_prev_day,test,SITE,2,5776,6122,2.6227114352493075,4.37659341577611,0.4726579524092034,0.23705313017075097,5772,2.624453179140679,0.23713516074587798,,
persistence_prev_day,test,SITE,20,4522,5116,2.7287842768686423,4.017491842253341,0.281793820790344,0.2555859621314253,4522,2.7287842768686423,0.2555859621314253,,
persistence_prev_day,test,SITE,21,4416,5222,1.3378499348958333,1.9680304940188227,0.2648378260011749,0.2485371185638866,4416,1.3378499348958333,0.2485371185638866,,
persistence_prev_day,test,SITE,22,4447,5191,2.3803547335282214,3.5307316119788377,0.30291157366339927,0.2375316451393686,4447,2.3803547335282214,0.2375316451393686,,
persistence_prev_day,test,SITE,23,4104,4701,1.9327637670565303,2.9316914290490526,0.3310327885307718,0.24525566956792857,4104,1.9327637670565303,0.24525566956792857,,
persistence_prev_day,test,SITE,24,4625,5013,2.174016891891892,3.2478295035877425,0.23490875764181196,0.18369386421838432,4625,2.174016891891892,0.18369386421838432,,
persistence_prev_day,test,SITE,25,4314,5122,12.874797171998146,19.539248165318483,0.34324576199755363,0.2437971605513642,4304,12.903592588289962,0.24407930232216238,,
persistence_prev_day,test,SITE,26,4468,5170,1.2559782760743061,1.8333739016998818,0.3078257451279691,0.24202331769249438,4468,1.2559782760743061,0.24202331769249438,,
persistence_prev_day,test,SITE,27,6287,5684,11.590166216001272,17.492568620840892,0.41978286355851935,0.1764836129501526,6207,11.737292572901563,0.1776165760797313,,
persistence_prev_day,test,SITE,28,3821,5171,0.45485628353179797,0.6831521245700024,0.4030583269943929,0.2030322959105159,3821,0.45485628353179797,0.2030322959105159,,
persistence_prev_day,test,SITE,29,3774,5286,0.4430969917527822,0.6597775600829558,0.40397376545853037,0.2054430230609717,3774,0.4430969917527822,0.2054430230609717,,
persistence_prev_day,test,SITE,3,5683,6215,1.7524359933133908,2.914479301554288,0.49154493070050786,0.21906378048702443,5683,1.7524359933133908,0.21906378048702443,,
persistence_prev_day,test,SITE,30,3965,4840,1.3329661885245903,2.0285371812382884,0.34717356817103684,0.2443359493722293,3965,1.3329661885245903,0.2443359493722293,,
persistence_prev_day,test,SITE,31,4499,5139,2.5084289564347633,3.867001358828197,0.35950942181793655,0.23991211531735218,4499,2.5084289564347633,0.23991211531735218,,
persistence_prev_day,test,SITE,32,4355,5283,1.027978795924225,1.5822718090058017,0.3820525779233406,0.2179801335156654,4355,1.027978795924225,0.2179801335156654,,
persistence_prev_day,test,SITE,33,4532,5106,2.786397423874669,4.355627445134208,0.3923433335499573,0.23229105556991841,4532,2.786397423874669,0.23229105556991841,,
persistence_prev_day,test,SITE,34,4886,5961,0.7207335051678264,1.034799565502957,0.23894426829131254,0.26141229926607323,4886,0.7207335051678264,0.26141229926607323,,
persistence_prev_day,test,SITE,35,4856,6035,0.9930546617586491,1.456219066894948,0.2920021978477483,0.24552044305978343,4856,0.9930546617586491,0.24552044305978343,,
persistence_prev_day,test,SITE,36,4485,5153,1.695558110367893,2.4814685703058923,0.27543538444988847,0.24696509048432633,4485,1.695558110367893,0.24696509048432633,,
persistence_prev_day,test,SITE,37,4472,5166,1.548145055344365,2.304347900324028,0.3474503707414588,0.231493067535434,4472,1.548145055344365,0.231493067535434,,
persistence_prev_day,test,SITE,38,4554,5084,1.8773262516469038,2.760360519881669,0.2987353294814552,0.24449290281810782,4554,1.8773262516469038,0.24449290281810782,,
persistence_prev_day,test,SITE,39,3911,4894,1.1549835400153414,1.6763740104866782,0.2327976800594589,0.2601905247045636,3911,1.1549835400153414,0.2601905247045636,,
persistence_prev_day,test,SITE,4,2801,4281,0.28643787932881115,0.4137066737231016,0.3446896723821109,0.2183688834497196,2801,0.28643787932881115,0.2183688834497196,,
persistence_prev_day,test,SITE,40,4535,5103,2.3442151323042997,3.6075799647774467,0.37653099516138,0.21847956820900305,4535,2.3442151323042997,0.21847956820900305,,
persistence_prev_day,test,SITE,41,5462,6436,2.121098041010619,3.797783208268554,0.7243240550373515,0.17411040496360133,5457,2.1230185999633497,0.17419014277176037,,
persistence_prev_day,test,SITE,42,5597,6301,0.8141331293550116,1.3392129955154264,0.5336112479334392,0.21670989854223227,5597,0.8141331293550116,0.21670989854223227,,
persistence_prev_day,test,SITE,5,1785,5297,0.2943452380952381,0.4240563579906283,0.26363059286524304,0.2233712502995902,1785,0.2943452380952381,0.2233712502995902,,
persistence_prev_day,test,SITE,6,3024,3282,3.7654544890873014,5.981244201567922,0.5393529860466362,0.20889474974098063,3011,3.7815561690468282,0.2093451860805599,,
persistence_prev_day,test,SITE,7,492,11406,1.8422256097560976,3.1513623812128584,0.6204633637021791,0.19812039136808396,492,1.8422256097560976,0.19812039136808396,,
persistence_prev_day,test,SITE,8,2961,3345,3.7297260216143195,5.969072312471958,0.4972663395802158,0.2221696004642078,2953,3.7397773450728073,0.22247033058614976,,
persistence_prev_day,test,SITE,9,4709,7189,0.28077468013378637,0.4360595557714541,0.44038716030627634,0.22809817384109551,4709,0.28077468013378637,0.22809817384109551,,
