model,protocol,split,scope,site_id,n_eval,n_missing,mae,rmse,r2,nrmse,daylight_n,daylight_mae,daylight_nrmse
lstm,seen,val,ALL,,144743,145504,1.5264877934612453,3.41440254645413,0.9424072032526429,0.03444757751763793,144451,1.5291152312902794,0.0344821122222688
lstm,seen,val,SITE,1,5793,6105,1.3886188105476678,2.2646777412634638,0.8860013501379718,0.022848115002040047,5774,1.3928692347044593,0.022885560224242367
lstm,seen,val,SITE,10,5736,6162,0.6357750606669874,0.9348260900634293,0.8512074299517487,0.009431370134260465,5734,0.6359553444373055,0.009432968306989597
lstm,seen,val,SITE,11,3392,2914,5.241854745121497,8.653446192439333,0.9251488270500301,0.08730378285897501,3341,5.318124662220603,0.08796683428799995
lstm,seen,val,SITE,12,5700,6198,1.1244728212607535,1.728329230207646,0.8673381386686966,0.017436946676192746,5697,1.1250079082400626,0.017441513672101464
lstm,seen,val,SITE,15,4973,4780,1.3292344629512858,2.0573848371062606,0.8661890438463798,0.020756756912986597,4971,1.3297036314269615,0.0207608978957916
lstm,seen,val,SITE,17,4812,4826,0.6920219469546083,1.0657872346652917,0.861717526063952,0.010752624473517047,4812,0.6920219469546083,0.010752624473517047
lstm,seen,val,SITE,18,4842,4435,2.3833502004679348,3.792912589629114,0.878864605855119,0.03826632878556196,4839,2.3846503279627442,0.03827808875894966
lstm,seen,val,SITE,19,4838,4598,2.9176708107006455,4.608353896026651,0.874037627598429,0.046493237367968177,4834,2.9197907532154157,0.04651228203434915
lstm,seen,val,SITE,2,5756,6142,1.1957898490374248,1.9195271705206587,0.8918136405778063,0.01936592422952345,5753,1.1963714578556597,0.019370960298863718
lstm,seen,val,SITE,20,4744,4894,1.0963326026677682,1.7141801207124698,0.8794718594329551,0.017294197677060582,4743,1.0965557833801662,0.017296019823759848
lstm,seen,val,SITE,21,4791,4847,0.6053024939718388,0.9404893803203922,0.8515074820746453,0.009488506522684908,4791,0.6053024939718388,0.009488506522684908
lstm,seen,val,SITE,22,4889,4749,1.0211002939828555,1.6259914348595073,0.8743439367164475,0.016404470543025552,4889,1.0211002939828555,0.016404470543025552
lstm,seen,val,SITE,23,4509,4296,0.8514432111318372,1.3220665100029945,0.8776646072336849,0.013338201330155616,4508,0.8516209670792878,0.013339678514573421
lstm,seen,val,SITE,24,4910,4728,1.2196419653727422,1.9206258402831942,0.875796275927589,0.01937700860264475,4908,1.2200861700006687,0.019380932287133938
lstm,seen,val,SITE,25,5007,4429,5.285166969979288,8.460316960035913,0.8840642505451566,0.08535532068627434,4988,5.304507677375362,0.0855174603068291
lstm,seen,val,SITE,27,6286,5684,6.219426509152921,9.763400264012429,0.8769096439680057,0.09850200228428546,6149,6.3514382363839115,0.09959186241168361
lstm,seen,val,SITE,3,5600,6298,0.8953964171239308,1.405883143022555,0.8853083813038314,0.014183819245420812,5599,0.8955497624171932,0.014185084958944041
lstm,seen,val,SITE,30,4430,4375,0.6716343504580633,1.0262928769087314,0.843318908920167,0.010354169712598097,4430,0.6716343504580633,0.010354169712598097
lstm,seen,val,SITE,31,4933,4705,1.1281853782074605,1.7414210875683809,0.8772667343715643,0.017569029160653202,4933,1.1281853782074605,0.017569029160653202
lstm,seen,val,SITE,34,5313,5535,0.3461374000216886,0.5655456730633736,0.7908236512270461,0.0057057356733895,5313,0.3461374000216886,0.0057057356733895
lstm,seen,val,SITE,37,4904,4734,0.7223070672732971,1.1067975526942793,0.8636422033252916,0.011166373611208393,4904,0.7223070672732971,0.011166373611208393
lstm,seen,val,SITE,38,5092,4546,0.7915514415394858,1.2401523567423391,0.8765489500159098,0.012511777349430646,5092,0.7915514415394858,0.012511777349430646
lstm,seen,val,SITE,39,4405,4400,0.49983011910376834,0.7516022144700493,0.8606810153372685,0.007582842149726349,4405,0.49983011910376834,0.007582842149726349
lstm,seen,val,SITE,4,3276,3807,0.3595243597787524,0.7722544021546032,-0.7630662187903585,0.007791200076623775,3275,0.3595982072553562,0.007792361867552619
lstm,seen,val,SITE,40,4953,4685,1.1230339824900635,1.7551534484304776,0.8689578977694804,0.017707573623077094,4953,1.1230339824900635,0.017707573623077094
lstm,seen,val,SITE,41,5573,6325,1.2721348924138869,2.0432836955566622,0.9144939840642211,0.02061449185782448,5565,1.2738459327043121,0.02062926983189689
lstm,seen,val,SITE,42,5623,6275,0.44225300441703275,0.8518659362383177,0.7979846434676481,0.008594393154866658,5623,0.44225300441703275,0.008594393154866658
lstm,seen,val,SITE,5,3056,4027,0.3652458446812255,0.7707643771722225,-0.6517199004251026,0.007776167358487749,3055,0.36527794964379845,0.007777287061277872
lstm,seen,val,SITE,6,3274,3032,1.7824943456696387,2.892443882187858,0.9099707493033787,0.029181586966234532,3251,1.7945525484868323,0.02928451944263519
lstm,seen,val,SITE,8,3333,2973,1.701867211591078,2.7047116343236826,0.9156326578477688,0.027287574449292872,3322,1.7072196532128303,0.02733263589718639
lstm,seen,test,ALL,,138960,151284,1.3842540790311344,2.9731194614462755,0.9458390320712929,0.029995515093476227,138488,1.3876382106890692,0.030045127169555614
lstm,seen,test,SITE,1,6007,5891,1.378985771030282,2.1812107897669906,0.899997516818299,0.02200602498988796,5993,1.3818003939563834,0.02203143153796946
lstm,seen,test,SITE,10,5824,6074,0.6912344799346322,1.0020855673139621,0.8470825419968573,0.010109944504113157,5824,0.6912344799346322,0.010109944504113157
lstm,seen,test,SITE,11,3085,3221,5.229204927966892,8.221384410800038,0.9195135467689226,0.08294475327387676,3040,5.300734246247693,0.08355356980507134
lstm,seen,test,SITE,12,5577,6321,1.2901649293836266,2.0274709466449172,0.8703402498455542,0.020454958561297986,5570,1.2916818706950766,0.020467771729142322
lstm,seen,test,SITE,15,4777,4976,1.207508514135583,1.8846245611644403,0.8793012485796972,0.019013795174730314,4775,1.2079408416448463,0.019017728005814874
lstm,seen,test,SITE,17,4585,5053,0.7471218550088231,1.0967304047726778,0.8485462605755342,0.011064807128143579,4585,0.7471218550088231,0.011064807128143579
lstm,seen,test,SITE,18,4566,4710,2.2430241382597207,3.628381725233766,0.8810874460262821,0.036606392785576064,4564,2.2439217876698447,0.03661438727813169
lstm,seen,test,SITE,19,4645,4791,2.570978786562949,4.202827832817519,0.8870953460718141,0.04240192408321024,4642,2.572466767486546,0.04241556558623352
lstm,seen,test,SITE,2,5972,5926,1.2108786389161816,1.8979067671555878,0.9035118587004172,0.019147798068138544,5962,1.2126980662465856,0.019163724359331738
lstm,seen,test,SITE,20,4664,4974,1.0846029981127325,1.6969655274108573,0.8744843245089517,0.017120521307879173,4663,1.084825311738893,0.017122355527589693
lstm,seen,test,SITE,21,4559,5079,0.639142578174786,0.9520038518228428,0.8318088457884278,0.00960467491356993,4559,0.639142578174786,0.00960467491356993
lstm,seen,test,SITE,22,4618,5020,1.0017234743699825,1.555993666020054,0.8686122383948403,0.015698269813804896,4617,1.0019274294466742,0.01569996723977692
lstm,seen,test,SITE,23,4223,4582,0.8711499616824816,1.310379618736386,0.8675740367558498,0.013220293412922838,4222,0.8713390495132237,0.013221854129072159
lstm,seen,test,SITE,24,4708,4930,0.8752966128675839,1.3702409526973478,0.8650059809168839,0.013824228629662563,4707,0.8754710677021093,0.013825694735143123
lstm,seen,test,SITE,25,4460,4976,4.684795322974167,7.924445615469735,0.8933042615171946,0.0799489664470548,4443,4.701472666197576,0.08010146180046239
lstm,seen,test,SITE,27,6606,5365,4.145266592268001,7.042928808692738,0.9078208083929368,0.07105542852309603,6287,4.332005220508469,0.07282469329856066
lstm,seen,test,SITE,3,5863,6035,0.9190334156676606,1.386888037580864,0.8882645071262746,0.013992179461225513,5862,0.9191686099643636,0.013993362942926232
lstm,seen,test,SITE,30,4101,4704,0.686463680769635,1.0032701493238385,0.8413080440429592,0.010121895637600211,4101,0.686463680769635,0.010121895637600211
lstm,seen,test,SITE,31,4633,5005,1.1278142565762845,1.7350457823259575,0.8731736770656728,0.017504709321809052,4632,1.1280417858216016,0.017506595333618175
lstm,seen,test,SITE,34,5071,5776,0.40780100712431083,0.5737747981943052,0.7704608608481074,0.005788758522041163,5071,0.40780100712431083,0.005788758522041163
lstm,seen,test,SITE,37,4613,5025,0.7173154590808464,1.0910717554585467,0.8563202761464139,0.01100771756174313,4612,0.7174614871054862,0.011008908948965912
lstm,seen,test,SITE,38,4672,4966,0.8128185754973595,1.2573093000336213,0.8571261200277627,0.012684872093225847,4671,0.8129831338383049,0.012686228177814826
lstm,seen,test,SITE,39,4056,4749,0.5731937047057368,0.8393202418163088,0.8105968769300185,0.008467820855544905,4056,0.5731937047057368,0.008467820855544905
lstm,seen,test,SITE,4,2974,4108,0.3503194612068222,0.481818989442646,0.15021928405067642,0.0048610252489215385,2972,0.35045803604023296,0.004862499194991796
lstm,seen,test,SITE,40,4658,4980,1.121089906997566,1.700701105821907,0.8643542260532211,0.01715820919767456,4657,1.1213250511932045,0.01716005086304317
lstm,seen,test,SITE,41,5735,6163,0.959724909259427,1.7024555648211128,0.9466022997079673,0.017175909765066482,5724,0.961255758230208,0.017192166428315007
lstm,seen,test,SITE,42,5760,6138,0.3324865914053387,0.5463895385294207,0.9236741453233789,0.005512471282235056,5760,0.3324865914053387,0.005512471282235056
lstm,seen,test,SITE,5,1911,5171,0.39710495510630306,1.026424680259071,-3.148196903499204,0.0103554994638697,1910,0.3971885652442253,0.010358064982414934
lstm,seen,test,SITE,6,3041,3265,1.6927848255818552,2.7299359697380723,0.9041114126153119,0.02754206033304447,3023,1.7021058705954846,0.02762357318383946
lstm,seen,test,SITE,8,2996,3310,1.6410781671112784,2.5695514565408835,0.907943546249046,0.025923956469829406,2984,1.647009537702591,0.025975629590724185
lstm,unseen,val,ALL,,160306,226905,0.4673400129264433,0.8089663574264301,0.8921146501714757,0.00816158344760727,160301,0.4673530523460193,0.008161709980659692
lstm,unseen,val,SITE,14,28098,35866,0.8564692559960098,1.3448034645211286,0.8786805436400195,0.013567592268283817,28093,0.8566129173427086,0.013568797018059187
lstm,unseen,val,SITE,16,19508,27616,0.3341419747894065,0.47844691175317416,0.742189887933555,0.004827004682798129,19508,0.3341419747894065,0.004827004682798129
lstm,unseen,val,SITE,28,24466,35482,0.30591341678769085,0.4959862034380343,0.6848287621950021,0.00500395690260775,24466,0.30591341678769085,0.00500395690260775
lstm,unseen,val,SITE,32,28104,36148,0.5036655573952267,0.7409831247418066,0.8536004187139298,0.007475707179082574,28104,0.5036655573952267,0.007475707179082574
lstm,unseen,val,SITE,35,29187,43417,0.4500897982013306,0.7302838161384706,0.8089589876631963,0.00736776288795577,29187,0.4500897982013306,0.00736776288795577
lstm,unseen,val,SITE,9,30943,48376,0.30887851510045783,0.6384404532891039,-0.2582928819754162,0.006441164070684002,30943,0.30887851510045783,0.006441164070684002
lstm,unseen,test,ALL,,162186,247595,0.8009533569170076,1.3550486772638435,0.8853181500617354,0.013670955230130795,162129,0.8005477515029741,0.013662369180621506
lstm,unseen,test,SITE,13,31596,45707,0.9493283339004742,1.4716622439005635,0.8460632911391648,0.014847458241030426,31591,0.9494647943839387,0.014848626631710536
lstm,unseen,test,SITE,26,28233,36019,0.5529181298932889,0.8299797213250609,0.851293207575417,0.008373585246445008,28193,0.549803747774226,0.00827584663681418
lstm,unseen,test,SITE,29,24636,35767,0.34049648936595367,0.5659056689561023,0.5583735762275599,0.005709367637181726,24636,0.34049648936595367,0.005709367637181726
lstm,unseen,test,SITE,33,29041,35211,1.163347444555467,1.8198521420431277,0.8842357742022328,0.018360312494135573,29032,1.1636834662377298,0.018363150834617224
lstm,unseen,test,SITE,36,28538,35714,0.6811370080747816,1.050284855177724,0.861796943521104,0.010596222464134641,28536,0.6811788224906101,0.010596589921052722
lstm,unseen,test,SITE,7,20142,59177,1.126321763476919,1.921534875658591,0.8312563788978842,0.019386179772749687,20141,1.1263690105068493,0.019386657049541848
gru,seen,val,ALL,,144743,145504,1.5132772780067263,3.3785833969485677,0.9436092316035749,0.034086201577800346,144451,1.5156929231772907,0.034120175849163395
gru,seen,val,SITE,1,5793,6105,1.387893378415627,2.25794499004546,0.8866781648851653,0.022780188925271505,5774,1.3919999459477745,0.022817430213493178
gru,seen,val,SITE,10,5736,6162,0.6328199700331588,0.9452545762640715,0.8478691915386969,0.009536582124323355,5734,0.6329704849487986,0.009538127086890781
gru,seen,val,SITE,11,3392,2914,4.899457035551094,8.470467977679906,0.9282808349124249,0.08545773332286798,3341,4.968438294147239,0.08610575969183198
gru,seen,val,SITE,12,5700,6198,1.1034143101959897,1.7204988522157714,0.8685374927288392,0.017357946748914797,5697,1.1039182496987374,0.01736246083166303
gru,seen,val,SITE,15,4973,4780,1.3651203200200086,2.0699586578404925,0.8645484598039805,0.020883612975955843,4971,1.365577844613228,0.020887756345104598
gru,seen,val,SITE,17,4812,4826,0.6875515808091992,1.062998629966146,0.8624402044148762,0.010724490510039417,4812,0.6875515808091992,0.010724490510039417
gru,seen,val,SITE,18,4842,4435,2.4011910507276206,3.7556779819701744,0.8812312776806861,0.03789067242512427,4839,2.4023599983320967,0.03790218019491187
gru,seen,val,SITE,19,4838,4598,2.922796577005753,4.577120406282718,0.8757392816925359,0.04617812570656849,4834,2.9249805790558305,0.046197133306054815
gru,seen,val,SITE,2,5756,6142,1.1890847743427364,1.9174419373515255,0.8920485643177022,0.01934488651347832,5753,1.1896873592978123,0.019349927935326403
gru,seen,val,SITE,20,4744,4894,1.1255344603757231,1.729154502006352,0.8773568920950091,0.01744527276366259,4743,1.1257483030757949,0.017447104105824424
gru,seen,val,SITE,21,4791,4847,0.6258276763924774,0.9703328240482766,0.8419340867075508,0.009789594144083615,4791,0.6258276763924774,0.009789594144083615
gru,seen,val,SITE,22,4889,4749,1.047781638071127,1.6205154195261287,0.8751888807080036,0.016349223553217558,4889,1.047781638071127,0.016349223553217558
gru,seen,val,SITE,23,4509,4296,0.9107189267298735,1.366457871173661,0.8693113096387007,0.013786061485551778,4508,0.9108437425601557,0.013787491276916298
gru,seen,val,SITE,24,4910,4728,1.2397186625513672,1.9110634093628271,0.8770299705561375,0.019280534160658266,4908,1.240154961453479,0.0192844309119654
gru,seen,val,SITE,25,5007,4429,5.318471293737961,8.472686345451455,0.8837249955733278,0.08548011422105833,4988,5.337027575076822,0.08564217678544435
gru,seen,val,SITE,27,6286,5684,6.032983855915949,9.638776490922437,0.8800319336363422,0.09724468507412924,6149,6.159046010401873,0.09831983314960586
gru,seen,val,SITE,3,5600,6298,0.910224162042141,1.4098958587520594,0.8846527341274852,0.01422430314685531,5599,0.9103702677426796,0.014225567914843478
gru,seen,val,SITE,30,4430,4375,0.6597124389816353,0.9976114827443973,0.851953945899724,0.010064805897011714,4430,0.6597124389816353,0.010064805897011714
gru,seen,val,SITE,31,4933,4705,1.1012196524399858,1.69575619590932,0.8836191521997045,0.017108320479161134,4933,1.1012196524399858,0.017108320479161134
gru,seen,val,SITE,34,5313,5535,0.36089462671220673,0.5776652646372341,0.7817623291887285,0.005828009062230613,5313,0.36089462671220673,0.005828009062230613
gru,seen,val,SITE,37,4904,4734,0.7483682446728718,1.1175938326761206,0.8609690188030481,0.011275296237207143,4904,0.7483682446728718,0.011275296237207143
gru,seen,val,SITE,38,5092,4546,0.8525890073529024,1.2519710445031025,0.8741847538721934,0.01263101494876364,5092,0.8525890073529024,0.01263101494876364
gru,seen,val,SITE,39,4405,4400,0.5295396957440761,0.75651391960022,0.8588541721444303,0.007632395868396997,4405,0.5295396957440761,0.007632395868396997
gru,seen,val,SITE,4,3276,3807,0.31517019332983554,0.7381886745328553,-0.61095197895719,0.007447514240821092,3275,0.31521501031540733,0.007448592019291193
gru,seen,val,SITE,40,4953,4685,1.0881877158257591,1.7002680856534504,0.8770253841850087,0.017153840499017428,4953,1.0881877158257591,0.017153840499017428
gru,seen,val,SITE,41,5573,6325,1.2129180886128124,2.015163717817638,0.9168312828200564,0.020330792118329718,5565,1.2144691971113097,0.020345240042163495
gru,seen,val,SITE,42,5623,6275,0.4592742650678059,0.773833791972297,0.8332993623856167,0.007807134387952144,5623,0.4592742650678059,0.007807134387952144
gru,seen,val,SITE,5,3056,4027,0.33681506511428594,0.7656957099817724,-0.6300673932198131,0.007725030064750822,3055,0.3368528871801598,0.0077261887224295694
gru,seen,val,SITE,6,3274,3032,1.6751552625771478,2.723292315663089,0.9201927633798815,0.027475033148746584,3251,1.6861102197471673,0.027571737298712685
gru,seen,val,SITE,8,3333,2973,1.6653901862554497,2.5762859614453886,0.9234543415363237,0.025991900239371684,3322,1.670401589903467,0.026034701596064354
gru,seen,test,ALL,,138960,151284,1.3631575696809441,2.9483055064593917,0.9467393251644792,0.029745169498221927,138488,1.3666343950524942,0.029794752410634676
gru,seen,test,SITE,1,6007,5891,1.266374106373032,2.0359652890815,0.9128723002336916,0.020540657161730855,5993,1.2689204502837717,0.02056440817197246
gru,seen,test,SITE,10,5824,6074,0.6497204463396754,0.8977230249028738,0.8772752421278067,0.009057040893384187,5824,0.6497204463396754,0.009057040893384187
gru,seen,test,SITE,11,3085,3221,4.84732412920972,8.169607459512253,0.9205241358214635,0.08242238061311209,3040,4.911791519193273,0.08302750493449226
gru,seen,test,SITE,12,5577,6321,1.2401638134461652,1.9263069066787855,0.8829566173228972,0.01943432433281494,5570,1.241454998423852,0.019446341470151354
gru,seen,test,SITE,15,4777,4976,1.239825294385626,1.855617234618377,0.8829881410130711,0.01872114305882422,4775,1.2402066811466717,0.018724882024661882
gru,seen,test,SITE,17,4585,5053,0.6684309225175997,0.9845356842687297,0.877948490031168,0.009932885429091685,4585,0.6684309225175997,0.009932885429091685
gru,seen,test,SITE,18,4566,4710,2.315377391904162,3.610040445183158,0.8822866010087599,0.03642134938260293,4564,2.3163674913614494,0.0364293258387299
gru,seen,test,SITE,19,4645,4791,2.6435151352179194,4.180431202243869,0.8882954648100677,0.0421759666404884,4642,2.645132820085429,0.04218957150330553
gru,seen,test,SITE,2,5972,5926,1.1053226952654998,1.769258335390542,0.9161493000035984,0.01784987646532366,5962,1.1070097935995533,0.017864729289708257
gru,seen,test,SITE,20,4664,4974,1.1285599335695826,1.6869079216533163,0.8759677326167132,0.017019051094785954,4663,1.12877824744671,0.017020868062212965
gru,seen,test,SITE,21,4559,5079,0.6259618235356088,0.8900370642021341,0.8529916764903487,0.008979497978208234,4559,0.6259618235356088,0.008979497978208234
gru,seen,test,SITE,22,4618,5020,1.0289466575710946,1.5327196608688576,0.8725133465622703,0.015463460623709737,4617,1.029139402807598,0.015465121375580888
gru,seen,test,SITE,23,4223,4582,0.9232616998165274,1.3353797903097182,0.862472838295752,0.013472517729332443,4222,0.9234448308235432,0.013474092997393994
gru,seen,test,SITE,24,4708,4930,0.9319705048555424,1.3530796650160302,0.8683662130972143,0.013651090055735888,4707,0.9321379902663189,0.013652523727983387
gru,seen,test,SITE,25,4460,4976,4.721470378011866,7.933546491437292,0.8930590500995547,0.0800407843057008,4443,4.738158517717752,0.0801934088345208
gru,seen,test,SITE,27,6606,5365,4.42614016166933,7.1481498141049284,0.9050459287452084,0.0721169930841301,6287,4.631778422345489,0.07391664809050169
gru,seen,test,SITE,3,5863,6035,0.8365918437145116,1.2820249553672964,0.9045224419881662,0.012934225952773009,5862,0.8367177942270144,0.01293532265058744
gru,seen,test,SITE,30,4101,4704,0.6373295413084479,0.9220578560699006,0.8659596736527726,0.009302552654695208,4101,0.6373295413084479,0.009302552654695208
gru,seen,test,SITE,31,4633,5005,1.0407224556758032,1.6176822668427389,0.8897511741774712,0.01632064014942947,4632,1.0408936376604598,0.016322360444885237
gru,seen,test,SITE,34,5071,5776,0.36953918389892276,0.5128464036479343,0.8166214900651143,0.00517405783411525,5071,0.36953918389892276,0.00517405783411525
gru,seen,test,SITE,37,4613,5025,0.7443966156434216,1.0771970576951198,0.8599512699914095,0.010867737076069054,4612,0.7445283608134684,0.010868896217709851
gru,seen,test,SITE,38,4672,4966,0.8602144294099449,1.2345063065295014,0.8622615445202382,0.012454814894146283,4671,0.8603687746268068,0.012456131063769015
gru,seen,test,SITE,39,4056,4749,0.552842856864252,0.7757015489488682,0.8382214051526186,0.007825978007695036,4056,0.552842856864252,0.007825978007695036
gru,seen,test,SITE,4,2974,4108,0.2686844314595718,0.36176553838004966,0.5209361126690963,0.003649817576283898,2972,0.26880792348895066,0.0036509551365451875
gru,seen,test,SITE,40,4658,4980,0.9584037025070027,1.5141504786176436,0.8924802227503158,0.015276117937446182,4657,0.9585865218162741,0.01527774978201667
gru,seen,test,SITE,41,5735,6163,0.9223570175969091,1.7002488846130215,0.9467406355160923,0.017153646781575035,5724,0.9237529605856148,0.017169773661863844
gru,seen,test,SITE,42,5760,6138,0.3177938168661462,0.5226963484609284,0.9301500889557244,0.005273432975995472,5760,0.3177938168661462,0.005273432975995472
gru,seen,test,SITE,5,1911,5171,0.30783628157331705,0.8395260291742989,-1.7750673162464743,0.008469897024324088,1910,0.3078460773248323,0.008471851069934231
gru,seen,test,SITE,6,3041,3265,1.5413760737500979,2.5232157287646997,0.918083617454429,0.025456479787543108,3023,1.5498125489247858,0.025531763104694096
gru,seen,test,SITE,8,2996,3310,1.5695408088502005,2.443588959970475,0.916747763115273,0.024653133007777307,2984,1.5750888930408948,0.024702218958750105
gru,unseen,val,ALL,,160306,226905,0.4455972756840884,0.7653199000778099,0.9034421549937114,0.007721238554926625,160301,0.4456056351527734,0.007721349043919122
gru,unseen,val,SITE,14,28098,35866,0.8724070781647689,1.3290333822516183,0.8815092097011591,0.013408489431389954,28093,0.872530741718041,0.01340964998267503
gru,unseen,val,SITE,16,19508,27616,0.31602874593165703,0.4652289799607935,0.756238027167483,0.004693650245573455,19508,0.31602874593165703,0.004693650245573455
gru,unseen,val,SITE,28,24466,35482,0.285596111403052,0.48946160575053954,0.6930662493666839,0.004938130866704402,24466,0.285596111403052,0.004938130866704402
gru,unseen,val,SITE,32,28104,36148,0.47486383793025366,0.722880397818264,0.8606663236292751,0.0072930705155682,28104,0.47486383793025366,0.0072930705155682
gru,unseen,val,SITE,35,29187,43417,0.4211772987011052,0.6353557973555629,0.8553970169483501,0.006410043274896099,29187,0.4211772987011052,0.006410043274896099
gru,unseen,val,SITE,9,30943,48376,0.2626786167448843,0.49921666825456823,0.23065860554387607,0.005036548750133497,30943,0.2626786167448843,0.005036548750133497
gru,unseen,test,ALL,,162186,247595,0.7707428508019375,1.3252651657900612,0.8903040831490237,0.013370472259455281,162129,0.7701243519409998,0.013356397279994924
gru,unseen,test,SITE,13,31596,45707,0.9130232405190801,1.4133646258795658,0.8580176578420928,0.014259299203380486,31591,0.9131460858911967,0.014260408210333742
gru,unseen,test,SITE,26,28233,36019,0.5300825624430896,0.802634730175061,0.8609305494783902,0.008097704271796314,28193,0.5258051440640863,0.007946256408359068
gru,unseen,test,SITE,29,24636,35767,0.2940790142611765,0.49991841629833295,0.6553603557807284,0.0050436286183700475,24636,0.2940790142611765,0.0050436286183700475
gru,unseen,test,SITE,33,29041,35211,1.1284265008062084,1.7817038471419864,0.8890382752153789,0.017975438031358038,29032,1.1287294809559627,0.017978195084698462
gru,unseen,test,SITE,36,28538,35714,0.668390365849099,1.020928090784936,0.8694148630550296,0.01030004490354273,28536,0.6684290996507055,0.010300400644319268
gru,unseen,test,SITE,7,20142,59177,1.0972052349028596,1.9355051365185283,0.8287938038102076,0.019527124385274677,20141,1.0972529147396055,0.01952760671518565
transformer,seen,val,ALL,,144743,145504,1.5738195280687681,3.4381876009771495,0.9416020146215638,0.034687542635486686,144451,1.5759439370920862,0.03472119634145322
transformer,seen,val,SITE,1,5793,6105,1.4298008794140862,2.2444964566674637,0.888024055868016,0.022644507970921768,5774,1.4327701623769298,0.022679184725124788
transformer,seen,val,SITE,10,5736,6162,0.6535821742010582,0.9324766463880455,0.851954393429086,0.00940766682393604,5734,0.6537067776654379,0.009409131711934545
transformer,seen,val,SITE,11,3392,2914,5.333321682546499,8.67806654320316,0.9247222955384237,0.0875521751999218,3341,5.407694950463421,0.08821527410383873
transformer,seen,val,SITE,12,5700,6198,1.132551714872059,1.7411685412404412,0.865359796222178,0.01756648124514232,5697,1.132984890694239,0.0175709246327318
transformer,seen,val,SITE,15,4973,4780,1.3975713471160096,2.0900802467251847,0.8619022744094074,0.021086617742808334,4971,1.3978824000607024,0.02109047708573633
transformer,seen,val,SITE,17,4812,4826,0.719572272483052,1.0707875616006022,0.8604169294653936,0.010803072289020384,4812,0.719572272483052,0.010803072289020384
transformer,seen,val,SITE,18,4842,4435,2.4886394481135024,3.834803284065559,0.8761740782285847,0.03868895995579868,4839,2.4900368820859717,0.03870087508144632
transformer,seen,val,SITE,19,4838,4598,3.010221291544419,4.642140761421515,0.8721838311589502,0.046834109789697195,4834,3.012579256461384,0.04685343973807739
transformer,seen,val,SITE,2,5756,6142,1.2331733724323721,1.916528687631785,0.8921513712280715,0.019335672825260337,5753,1.2336052312408345,0.019340472462749246
transformer,seen,val,SITE,20,4744,4894,1.1609790060813672,1.7361654268923472,0.8763603533275106,0.01751600530770063,4743,1.161078561541151,0.017517561119970874
transformer,seen,val,SITE,21,4791,4847,0.664805336900256,0.9437635381308205,0.8504717782402698,0.009521539184606052,4791,0.664805336900256,0.009521539184606052
transformer,seen,val,SITE,22,4889,4749,1.0876173421536324,1.6458304154083072,0.871258931218179,0.016604624101672412,4889,1.0876173421536324,0.016604624101672412
transformer,seen,val,SITE,23,4509,4296,0.9406214541356773,1.3733785440261213,0.867984164360127,0.013855883485540302,4508,0.9408266582950195,0.013857420013549672
transformer,seen,val,SITE,24,4910,4728,1.281460845786054,1.9352012661823714,0.8739039850815012,0.019524058666801927,4908,1.2817056900423138,0.019527542463338397
transformer,seen,val,SITE,25,5007,4429,5.468599691632885,8.571921021145986,0.8809853488631881,0.08648128327974915,4988,5.488601065867408,0.0866456936371889
transformer,seen,val,SITE,27,6286,5684,6.465526753119743,9.932867237707415,0.8725995092231897,0.10021173821425072,6149,6.594709879209364,0.10131360371677145
transformer,seen,val,SITE,3,5600,6298,0.9526981543217387,1.4208533100885665,0.8828528515464542,0.014334851815084856,5599,0.9527695041870428,0.014335937840612533
transformer,seen,val,SITE,30,4430,4375,0.6977803161935398,1.0130485883256457,0.8473367480375074,0.010220549364257621,4430,0.6977803161935398,0.010220549364257621
transformer,seen,val,SITE,31,4933,4705,1.144956386285067,1.7247758298133364,0.8796017965409418,0.017401096762812932,4933,1.144956386285067,0.017401096762812932
transformer,seen,val,SITE,34,5313,5535,0.3994840418307453,0.5309028053502091,0.8156652346496889,0.005356227126946485,5313,0.3994840418307453,0.005356227126946485
transformer,seen,val,SITE,37,4904,4734,0.7944567348400882,1.1496059132427052,0.8528902109265589,0.011598263026217857,4904,0.7944567348400882,0.011598263026217857
transformer,seen,val,SITE,38,5092,4546,0.8717552028766131,1.273529695248658,0.8698144284229807,0.012848518093934511,5092,0.8717552028766131,0.012848518093934511
transformer,seen,val,SITE,39,4405,4400,0.5704550527687375,0.7902437173792252,0.8459873823725879,0.007972692540461391,4405,0.5704550527687375,0.007972692540461391
transformer,seen,val,SITE,4,3276,3807,0.2567245408583328,0.3372983395662491,0.663661761361519,0.003402970370569053,3275,0.2565971253664439,0.003401415014090891
transformer,seen,val,SITE,40,4953,4685,1.0926740041964227,1.680331709521374,0.8798923376766502,0.016952704325737655,4953,1.0926740041964227,0.016952704325737655
transformer,seen,val,SITE,41,5573,6325,1.2750187363377299,2.021926819994858,0.916272100063914,0.020399024402994403,5565,1.2764998735014854,0.020413317720416026
transformer,seen,val,SITE,42,5623,6275,0.4732090429163225,0.6757180289618002,0.8728919978202023,0.006817253931262505,5623,0.4732090429163225,0.006817253931262505
transformer,seen,val,SITE,5,3056,4027,0.2580134436410135,0.338923199762695,0.6806288160361238,0.003419363428156982,3055,0.25791034714094746,0.003418323455857517
transformer,seen,val,SITE,6,3274,3032,1.5958935495695838,2.6204990547996614,0.9261038577055386,0.026437961867985908,3251,1.6046364074191912,0.026528849081005532
transformer,seen,val,SITE,8,3333,2973,1.6359116247814052,2.53568033407266,0.9258482450157974,0.025582233986625062,3322,1.6400831764825203,0.02562339034726163
transformer,seen,test,ALL,,138960,151284,1.3322138544157036,2.938380394770881,0.9470973127481014,0.029645036004994466,138488,1.3334074670248872,0.029685450146284317
transformer,seen,test,SITE,1,6007,5891,1.1408073854105076,1.8989134304251676,0.924207568173468,0.01915795419663869,5993,1.1429369382382473,0.01917985479527696
transformer,seen,test,SITE,10,5824,6074,0.5833654845399516,0.8291795590727957,0.8953004945521671,0.008365512486764044,5824,0.5833654845399516,0.008365512486764044
transformer,seen,test,SITE,11,3085,3221,5.366302677027797,8.427196402257398,0.9154333531429992,0.08502117057773262,3040,5.439950053707549,0.08564599207719707
transformer,seen,test,SITE,12,5577,6321,1.2093193549846522,1.8976059238451002,0.8864184068029326,0.01914476288903541,5570,1.2102319909597428,0.01915586376432512
transformer,seen,test,SITE,15,4777,4976,1.1573888986510463,1.8002372841833694,0.8898682378648592,0.018162420087651992,4775,1.1577872857498248,0.018166172456686364
transformer,seen,test,SITE,17,4585,5053,0.6203559715329235,0.9428469651468212,0.8880658390040074,0.00951229196829593,4585,0.6203559715329235,0.00951229196829593
transformer,seen,test,SITE,18,4566,4710,2.2352903363895793,3.5382976367048498,0.8869187788337339,0.03569754311700718,4564,2.2360735281740336,0.035705213312783965
transformer,seen,test,SITE,19,4645,4791,2.5903011608431745,4.114816262281706,0.8917745152623457,0.04151398384850358,4642,2.591742926145206,0.041527261436961935
transformer,seen,test,SITE,2,5972,5926,1.031200670629081,1.6896695837632953,0.9235235421841155,0.017046913237083683,5962,1.0324230962293894,0.017060548673947996
transformer,seen,test,SITE,20,4664,4974,1.0447965058311182,1.6371143850663603,0.8831819434502788,0.016516688913373625,4663,1.0449733426840346,0.016518427815924545
transformer,seen,test,SITE,21,4559,5079,0.5806640110195769,0.8544308128197834,0.8645186413754605,0.008620269946973368,4559,0.5806640110195769,0.008620269946973368
transformer,seen,test,SITE,22,4618,5020,0.9419275051900038,1.4845165299564993,0.8804060142960666,0.014977143891542135,4617,0.9420865836380001,0.014978734086109323
transformer,seen,test,SITE,23,4223,4582,0.8419882055427574,1.2585831661977178,0.8778361478288145,0.01269772400592149,4222,0.8421308816411043,0.01269917317692865
transformer,seen,test,SITE,24,4708,4930,0.8222163403652032,1.2749159217202892,0.8831351971768846,0.012862503598920766,4707,0.8223509919701651,0.012863840005795671
transformer,seen,test,SITE,25,4460,4976,5.001989741389527,8.10506608904064,0.8883850379034764,0.08177122896002878,4443,5.0199043794228855,0.08192710130395203
transformer,seen,test,SITE,27,6606,5365,4.304455198701714,7.03479496034026,0.9080336001539082,0.07097336691266005,6287,4.457880652498816,0.07266465663526779
transformer,seen,test,SITE,3,5863,6035,0.7475474883565394,1.1847011167772297,0.918468404662654,0.011952335145074582,5862,0.7476460695754786,0.01195333366987987
transformer,seen,test,SITE,30,4101,4704,0.5927832815537247,0.8728622580800193,0.8798813168842815,0.008806223018038009,4101,0.5927832815537247,0.008806223018038009
transformer,seen,test,SITE,31,4633,5005,1.0216268891524527,1.5904501428305546,0.8934317970796807,0.016045897880433143,4632,1.021805859651796,0.016047604450212725
transformer,seen,test,SITE,34,5071,5776,0.3638561779967052,0.4946219160643507,0.8294229804796489,0.004990192739061742,5071,0.3638561779967052,0.004990192739061742
transformer,seen,test,SITE,37,4613,5025,0.6749335895668988,1.013622774059755,0.8759943202451804,0.010226342268672419,4612,0.6750317176631091,0.010227397524383047
transformer,seen,test,SITE,38,4672,4966,0.757241873045082,1.1644383357921906,0.8774533135621726,0.01174790590475846,4671,0.7573632664661085,0.01174912982159255
transformer,seen,test,SITE,39,4056,4749,0.5186905294833098,0.7360505852674135,0.8543377324617293,0.007425943264725311,4056,0.5186905294833098,0.007425943264725311
transformer,seen,test,SITE,4,2974,4108,0.23222517454151187,0.2983003340699073,0.6742784250268516,0.0030095232596642134,2972,0.2322298686244446,0.003009883551870072
transformer,seen,test,SITE,40,4658,4980,0.9613122124690363,1.51497806955242,0.8923626562180307,0.015284467422455855,4657,0.961476124226343,0.015286080334594073
transformer,seen,test,SITE,41,5735,6163,0.9549680038857896,1.6790768522226076,0.9480587817353663,0.016940044191648393,5724,0.9563305501251433,0.016955898359283936
transformer,seen,test,SITE,42,5760,6138,0.42368749433921443,0.590861874366351,0.9107437039122867,0.00596114838321837,5760,0.42368749433921443,0.00596114838321837
transformer,seen,test,SITE,5,1911,5171,0.23923792781660158,0.3022495592985176,0.6403032254403906,0.0030493666115672994,1910,0.2389796629001957,0.003045473624234752
transformer,seen,test,SITE,6,3041,3265,1.4992382340586448,2.4621852564341986,0.9219984106545551,0.024840749246712094,3023,1.5053194962784504,0.02491002711088937
transformer,seen,test,SITE,8,2996,3310,1.5069367060355732,2.378652384314945,0.9211137047716541,0.02399799416776359,2984,1.5111158200147645,0.02404371521303566
transformer,unseen,val,ALL,,160306,226905,0.4561335577327515,0.738713936679533,0.9100390283747045,0.007452813559887484,160301,0.45613570292441397,0.007452887560839546
transformer,unseen,val,SITE,14,28098,35866,0.8678267329199337,1.334689096295961,0.8804985865660979,0.013465549384137007,28093,0.8679122468289009,0.013466614273274164
transformer,unseen,val,SITE,16,19508,27616,0.3164076304518837,0.42269374652936237,0.7987740057656738,0.004264516383667893,19508,0.3164076304518837,0.004264516383667893
transformer,unseen,val,SITE,28,24466,35482,0.2928623493523597,0.3883011565612136,0.8068277433514022,0.0039175328652217446,24466,0.2928623493523597,0.0039175328652217446
transformer,unseen,val,SITE,32,28104,36148,0.4987948046278098,0.7244291959754918,0.8600686288478329,0.007308696190588764,28104,0.4987948046278098,0.007308696190588764
transformer,unseen,val,SITE,35,29187,43417,0.4440459911565986,0.6295825964125541,0.8580129661521415,0.006351798008175652,29187,0.4440459911565986,0.006351798008175652
transformer,unseen,val,SITE,9,30943,48376,0.27213265478668425,0.35650654640067786,0.607647916280728,0.0035967601141336947,30943,0.27213265478668425,0.0035967601141336947
transformer,unseen,test,ALL,,162186,247595,0.7644213064045816,1.285558505734528,0.896778874771389,0.012969875601146806,162129,0.763359591319253,0.012940284824816139
transformer,unseen,test,SITE,13,31596,45707,0.9079638786134493,1.4233835979762692,0.8559975718373252,0.014360379645200875,31591,0.9080733933711255,0.014361482463046296
transformer,unseen,test,SITE,26,28233,36019,0.544327898999075,0.8127965462731354,0.8573868599832644,0.00820022585295022,28193,0.5376340936729628,0.007911887221904633
transformer,unseen,test,SITE,29,24636,35767,0.27889622036106965,0.3761528990886499,0.8048826952108495,0.0037949702688972564,24636,0.27889622036106965,0.0037949702688972564
transformer,unseen,test,SITE,33,29041,35211,1.1567478617838094,1.8109562611985972,0.8853647755291063,0.018270562811486736,29032,1.1569868548082434,0.018273225981283336
transformer,unseen,test,SITE,36,28538,35714,0.6781174298389521,1.0309797320176983,0.8668308287908597,0.01040145494112153,28536,0.6781468907530269,0.01040179544235137
transformer,unseen,test,SITE,7,20142,59177,0.9982266193922705,1.6720397714087472,0.8722314315774213,0.016869047762980344,20141,0.9982688684749268,0.016869463282174268
persistence_prev_day,seen,val,ALL,,135472,154775,4.1021396487835124,8.749747311702974,0.6173224577354715,0.08827535555016652,135349,4.105717787903863,0.08831541851605448
persistence_prev_day,seen,val,SITE,1,5461,6437,3.993980040285662,5.852702806286242,0.20751870904066005,0.05904735334051828,5452,4.000504402054292,0.059096065117923854
persistence_prev_day,seen,val,SITE,10,5427,6471,1.3838129952091396,1.9954488103150114,0.3002489303298479,0.02013189032066234,5427,1.3838129952091396,0.02013189032066234
persistence_prev_day,seen,val,SITE,11,3257,3049,10.932203715075223,18.93761564292754,0.6283128280852543,0.19105977516811903,3214,11.075781736154324,0.19233330854861524
persistence_prev_day,seen,val,SITE,12,5376,6522,2.5476888020833335,3.8210302806592904,0.3240488315312985,0.038550005454672014,5376,2.5476888020833335,0.038550005454672014
persistence_prev_day,seen,val,SITE,15,4615,5138,3.787747156013001,5.29965463848596,0.07318795128461109,0.05346770379068048,4615,3.787747156013001,0.05346770379068048
persistence_prev_day,seen,val,SITE,17,4466,5172,1.814007920958352,2.6404327790920115,0.1154070145560091,0.0266390712871108,4466,1.814007920958352,0.0266390712871108
persistence_prev_day,seen,val,SITE,18,4546,4731,6.992472778266608,10.028509710146517,0.12007478361933366,0.1011766658812436,4546,6.992472778266608,0.1011766658812436
persistence_prev_day,seen,val,SITE,19,4485,4951,8.105030657748049,11.737857249043074,0.15556570734543262,0.11842210810710911,4484,8.106817294826048,0.11843531149168134
persistence_prev_day,seen,val,SITE,2,5434,6464,3.4867213378726536,5.15417508454874,0.19649437086028387,0.05199997462187226,5434,3.4867213378726536,0.05199997462187226
persistence_prev_day,seen,val,SITE,20,4381,5257,3.241504508103173,4.609113033412087,0.09293422148945762,0.04650089623173,4381,3.241504508103173,0.04650089623173
persistence_prev_day,seen,val,SITE,21,4437,5201,1.6374723560401172,2.32626402691478,0.05335117391542932,0.0234694530897826,4437,1.6374723560401172,0.0234694530897826
persistence_prev_day,seen,val,SITE,22,4528,5110,2.921245237963781,4.2141700113976395,0.11756350895324252,0.04251635422744245,4528,2.921245237963781,0.04251635422744245
persistence_prev_day,seen,val,SITE,23,4175,4630,2.3221051646706585,3.418035492825686,0.15189196866051136,0.03448422996269939,4175,2.3221051646706585,0.03448422996269939
persistence_prev_day,seen,val,SITE,24,4556,5082,3.457089552238806,4.989111024420611,0.1282874128526975,0.05033465926163602,4556,3.457089552238806,0.05033465926163602
persistence_prev_day,seen,val,SITE,25,4673,4763,15.276481917397817,22.3724594835871,0.16368214179283125,0.22571358292871224,4663,15.308974908856959,0.2259554636046954
persistence_prev_day,seen,val,SITE,27,6003,5967,18.37431284357821,26.10839377224274,0.09700111783417842,0.263405063138893,5959,18.50843262292331,0.2643755811206485
persistence_prev_day,seen,val,SITE,3,5215,6683,2.5334611697027802,3.7132547248157177,0.17226596652398019,0.03746266828106209,5215,2.5334611697027802,0.03746266828106209
persistence_prev_day,seen,val,SITE,30,4125,4680,1.54240625,2.312139503566941,0.17244966140379048,0.02332695213791632,4125,1.54240625,0.02332695213791632
persistence_prev_day,seen,val,SITE,31,4638,5000,3.0112134136481243,4.4663297655936836,0.16344869846976218,0.04506036963315889,4638,3.0112134136481243,0.04506036963315889
persistence_prev_day,seen,val,SITE,34,5105,5743,0.8773230901077375,1.2242823606874325,-0.002247726317053056,0.012351666492005899,5105,0.8773230901077375,0.012351666492005899
persistence_prev_day,seen,val,SITE,37,4611,5027,1.9005079565170244,2.7280149931712105,0.1397751223257101,0.02752267978599525,4611,1.9005079565170244,0.02752267978599525
persistence_prev_day,seen,val,SITE,38,4851,4787,2.2566175144300145,3.245776140363138,0.12666473075645923,0.032746321993044746,4851,2.2566175144300145,0.032746321993044746
persistence_prev_day,seen,val,SITE,39,4070,4735,1.3339690187346438,1.911041266745571,0.06496989559077282,0.01928031076593137,4070,1.3339690187346438,0.01928031076593137
persistence_prev_day,seen,val,SITE,4,2877,4206,0.30162034019812306,0.45706327787878076,0.3300627865420558,0.004611267265936743,2877,0.30162034019812306,0.004611267265936743
persistence_prev_day,seen,val,SITE,40,4602,5036,3.009830983811386,4.445258165018693,0.10987880709148012,0.04484778029011804,4602,3.009830983811386,0.04484778029011804
persistence_prev_day,seen,val,SITE,41,5203,6695,3.416106092638862,5.322120702127908,0.39304582547235023,0.053694361736922304,5203,3.416106092638862,0.053694361736922304
persistence_prev_day,seen,val,SITE,42,5350,6548,1.089696261682243,1.6169936097029243,0.2467843074027618,0.016313692354058513,5350,1.089696261682243,0.016313692354058513
persistence_prev_day,seen,val,SITE,5,2685,4398,0.31738244878957167,0.47941283539284674,0.3220560141737334,0.004836749793106899,2685,0.31738244878957167,0.004836749793106899
persistence_prev_day,seen,val,SITE,6,3129,3177,3.4467531559603706,5.913301593706362,0.6096086425791585,0.05965872865398192,3114,3.4631703596660244,0.059802234155378366
persistence_prev_day,seen,val,SITE,8,3191,3115,2.9734507207771856,5.254118131754169,0.6704364658791682,0.05300829037231982,3190,2.974353448275862,0.05301659558591633
persistence_prev_day,seen,test,ALL,,134416,155828,3.3077716461860938,7.197046868984419,0.6869457781788639,0.07261031074818078,134251,3.3115821472000206,0.07265458816182044
persistence_prev_day,seen,test,SITE,1,5812,6086,2.911153647625602,4.839995811643586,0.4918345406510506,0.04883025028193617,5806,2.9140328970031004,0.048855443854261264
persistence_prev_day,seen,test,SITE,10,5594,6304,1.07811941365749,1.7281775310249516,0.5333633101147909,0.017435416197790116,5594,1.07811941365749,0.017435416197790116
persistence_prev_day,seen,test,SITE,11,3049,3257,13.362311413578222,20.96351696126216,0.4736614094819357,0.211498897900994,3013,13.518586126783937,0.21275631814357554
persistence_prev_day,seen,test,SITE,12,5239,6659,2.431964592479481,3.873213588063445,0.5128115150796762,0.03907647780304762,5238,2.4324288850706375,0.03908020772028067
persistence_prev_day,seen,test,SITE,15,4636,5117,2.9594747627264884,4.329567213975726,0.34797205142528087,0.04368058545883472,4636,2.9594747627264884,0.04368058545883472
persistence_prev_day,seen,test,SITE,17,4443,5195,1.520981037587216,2.2843805755858293,0.3301886500067486,0.023046894994557834,4443,1.520981037587216,0.023046894994557834
persistence_prev_day,seen,test,SITE,18,4472,4804,5.842799642218247,8.672733729380328,0.30856064627278945,0.08749837295632286,4471,5.843770968463431,0.08750786483364296
persistence_prev_day,seen,test,SITE,19,4545,4891,6.738613861386138,10.111762566244057,0.34069822303371455,0.10201659590559385,4544,6.739704830545775,0.10202747240733598
persistence_prev_day,seen,test,SITE,2,5776,6122,2.6227114352493075,4.37659341577611,0.4726579524092034,0.044155028266863065,5772,2.624453179140679,0.04417030780508671
persistence_prev_day,seen,test,SITE,20,4522,5116,2.7287842768686423,4.017491842253341,0.281793820790344,0.04053208717473033,4522,2.7287842768686423,0.04053208717473033
persistence_prev_day,seen,test,SITE,21,4416,5222,1.3378499348958333,1.9680304940188227,0.2648378260011749,0.01985526957569572,4416,1.3378499348958333,0.01985526957569572
persistence_prev_day,seen,test,SITE,22,4447,5191,2.3803547335282214,3.5307316119788377,0.30291157366339927,0.035621210224296464,4447,2.3803547335282214,0.035621210224296464
persistence_prev_day,seen,test,SITE,23,4104,4701,1.9327637670565303,2.9316914290490526,0.3310327885307718,0.029577551675867897,4104,1.9327637670565303,0.029577551675867897
persistence_prev_day,seen,test,SITE,24,4625,5013,2.174016891891892,3.2478295035877425,0.23490875764181196,0.03276703817629762,4625,2.174016891891892,0.03276703817629762
persistence_prev_day,seen,test,SITE,25,4314,5122,12.874797171998146,19.539248165318483,0.34324576199755363,0.19712958757899507,4304,12.903592588289962,0.1973577218640313
persistence_prev_day,seen,test,SITE,27,6287,5684,11.590166216001272,17.492568620840892,0.41978286355851935,0.1764808353293889,6207,11.737292572901563,0.17761378062761285
persistence_prev_day,seen,test,SITE,3,5683,6215,1.7524359933133908,2.914479301554288,0.49154493070050786,0.02940390018397362,5683,1.7524359933133908,0.02940390018397362
persistence_prev_day,seen,test,SITE,30,3965,4840,1.3329661885245903,2.0285371812382884,0.34717356817103684,0.02046571569913028,3965,1.3329661885245903,0.02046571569913028
persistence_prev_day,seen,test,SITE,31,4499,5139,2.5084289564347633,3.867001358828197,0.35950942181793655,0.03901380322228948,4499,2.5084289564347633,0.03901380322228948
persistence_prev_day,seen,test,SITE,34,4886,5961,0.7207335051678264,1.034799565502957,0.23894426829131254,0.010439992872222996,4886,0.7207335051678264,0.010439992872222996
persistence_prev_day,seen,test,SITE,37,4472,5166,1.548145055344365,2.304347900324028,0.3474503707414588,0.023248343405335662,4472,1.548145055344365,0.023248343405335662
persistence_prev_day,seen,test,SITE,38,4554,5084,1.8773262516469038,2.760360519881669,0.2987353294814552,0.02784901068094625,4554,1.8773262516469038,0.02784901068094625
persistence_prev_day,seen,test,SITE,39,3911,4894,1.1549835400153414,1.6763740104866782,0.2327976800594589,0.0169127754824234,3911,1.1549835400153414,0.0169127754824234
persistence_prev_day,seen,test,SITE,4,2801,4281,0.28643787932881115,0.4137066737231016,0.3446896723821109,0.004173846674124761,2801,0.28643787932881115,0.004173846674124761
persistence_prev_day,seen,test,SITE,40,4535,5103,2.3442151323042997,3.6075799647774467,0.37653099516138,0.0363965258334305,4535,2.3442151323042997,0.0363965258334305
persistence_prev_day,seen,test,SITE,41,5462,6436,2.121098041010619,3.797783208268554,0.7243240550373515,0.03831546798659589,5457,2.1230185999633497,0.03833301542401916
persistence_prev_day,seen,test,SITE,42,5597,6301,0.8141331293550116,1.3392129955154264,0.5336112479334392,0.013511190566430041,5597,0.8141331293550116,0.013511190566430041
persistence_prev_day,seen,test,SITE,5,1785,5297,0.2943452380952381,0.4240563579906283,0.26363059286524304,0.004278263639095383,1785,0.2943452380952381,0.004278263639095383
persistence_prev_day,seen,test,SITE,6,3024,3282,3.7654544890873014,5.981244201567922,0.5393529860466362,0.060344195062590394,3011,3.7815561690468282,0.06047431426555052
persistence_prev_day,seen,test,SITE,8,2961,3345,3.7297260216143195,5.969072312471958,0.4972663395802158,0.06022139404909985,2953,3.7397773450728073,0.0603029100942206
persistence_prev_day,unseen,val,ALL,,146341,240870,1.0086842357764734,1.7946082939674144,0.4652890741097583,0.018105629749028473,146341,1.0086842357764734,0.018105629749028473
persistence_prev_day,unseen,val,SITE,14,25900,38064,2.3815103343302364,3.4556393298778536,0.17976769194515663,0.034863611442824044,25900,2.3815103343302364,0.034863611442824044
persistence_prev_day,unseen,val,SITE,16,17716,29408,0.5969538151423854,0.8554942855013045,0.14170765375872985,0.00863099922014376,17716,0.5969538151423854,0.00863099922014376
persistence_prev_day,unseen,val,SITE,28,22164,37784,0.49384043914392156,0.7493993629485124,0.25911099772196644,0.007560617793483763,22164,0.49384043914392156,0.007560617793483763
persistence_prev_day,unseen,val,SITE,32,25716,38536,1.0796709384133225,1.6423811708054343,0.26049503835420806,0.016569825006012718,25716,1.0796709384133225,0.016569825006012718
persistence_prev_day,unseen,val,SITE,35,26795,45809,1.0307360766141531,1.5086245053125327,0.15743901036486185,0.015220366926486477,26795,1.0307360766141531,0.015220366926486477
persistence_prev_day,unseen,val,SITE,9,28050,51269,0.32179100824421214,0.47246229355048425,0.28205897047977846,0.00476662644776409,28050,0.32179100824421214,0.00476662644776409
persistence_prev_day,unseen,test,ALL,,145044,264737,1.8210459593748762,2.9776261221655784,0.42664231841953293,0.03004098235820607,145029,1.8210753329851757,0.030041616404585466
persistence_prev_day,unseen,test,SITE,13,28213,49090,2.109241134406095,3.1272277664067594,0.28635498750403854,0.03155029889796674,28213,2.109241134406095,0.03155029889796674
persistence_prev_day,unseen,test,SITE,26,25835,38417,1.3391491829677158,1.926892036483649,0.17902966833814093,0.01944022765090257,25820,1.3390342168051292,0.019437893427752293
persistence_prev_day,unseen,test,SITE,29,22301,38102,0.4971209237176866,0.7438127234786645,0.21678843217447763,0.0075042547274473525,22301,0.4971209237176866,0.0075042547274473525
persistence_prev_day,unseen,test,SITE,33,26791,37461,2.9744557956134057,4.545241294636871,0.2621343176131078,0.045856500428156546,26791,2.9744557956134057,0.045856500428156546
persistence_prev_day,unseen,test,SITE,36,26253,37999,1.7323688844891167,2.5382713014603575,0.17476804136985735,0.025608374006355916,26253,1.7323688844891167,0.025608374006355916
persistence_prev_day,unseen,test,SITE,7,15651,63668,2.15781941090025,3.3837577722311996,0.4496971944389381,0.03413840535026968,15651,2.15781941090025,0.03413840535026968
xgboost,seen,val,ALL,,146113,144134,1.456550583149149,3.36769908379531,0.9439541531501675,0.033976390793637685,145817,1.4568927412420765,0.033979574608336914
xgboost,seen,val,SITE,1,5836,6062,1.314802817673492,2.1801085209087923,0.8941938966053523,0.021994904305838125,5816,1.3190248956240231,0.02203262266400439
xgboost,seen,val,SITE,10,5777,6121,0.5693812492334664,0.8791404835185572,0.868099336665526,0.008869563428117025,5775,0.5695476551234593,0.008871082311822109
xgboost,seen,val,SITE,11,3449,2857,5.030791851338977,8.633911271146781,0.9252618589557231,0.08710669692479746,3398,5.1015536241351755,0.08775593682370882
xgboost,seen,val,SITE,12,5741,6157,1.0902239464189643,1.715581368233867,0.8688787782986712,0.017308334727967147,5738,1.0907803233050695,0.017312857182435745
xgboost,seen,val,SITE,15,5016,4737,1.287568169391968,2.014509553232055,0.8716065799254673,0.020324192315007004,5014,1.2880234114400742,0.02032822352125559
xgboost,seen,val,SITE,17,4859,4779,0.6347401811798602,1.0145063776276195,0.8744594756779221,0.010235256859727444,4859,0.6347401811798602,0.010235256859727444
xgboost,seen,val,SITE,18,4892,4385,2.371634953720792,3.7652738340084486,0.8803324466233674,0.03798748404954141,4889,2.372829556145882,0.037998967107839475
xgboost,seen,val,SITE,19,4888,4548,2.854458664807624,4.537946919974562,0.8782809570801562,0.045782908186701735,4883,2.857086483966662,0.0458061880365266
xgboost,seen,val,SITE,2,5798,6100,1.1284707987789615,1.8629309277205897,0.8980075967289317,0.018794930202153386,5795,1.1290327632190649,0.018799790634618643
xgboost,seen,val,SITE,20,4790,4848,1.0628347774263713,1.6716240057536214,0.8850736405880393,0.01686485314344171,4789,1.0630298478571252,0.0168666034153389
xgboost,seen,val,SITE,21,4836,4802,0.5595241764466362,0.8769529969853486,0.8706469310971658,0.008847494087757686,4836,0.5595241764466362,0.008847494087757686
xgboost,seen,val,SITE,22,4935,4703,0.9966822440168899,1.5843860369618605,0.8805211231895597,0.015984717702013953,4935,0.9966822440168899,0.015984717702013953
xgboost,seen,val,SITE,23,4556,4249,0.7932472959867269,1.2654340079842026,0.8879126055981026,0.012766841487029886,4555,0.7933803708375351,0.012768212189770667
xgboost,seen,val,SITE,24,4954,4684,1.1879131365981033,1.893499620759341,0.8789236134671481,0.019103334793802614,4952,1.1883439114302252,0.019107175552726344
xgboost,seen,val,SITE,25,5056,4380,5.318770583875218,8.45537237968904,0.8846760213773617,0.08530543529271759,5036,5.338330917832655,0.08547410093283954
xgboost,seen,val,SITE,27,6328,5642,6.160788252946182,9.688406188089273,0.8783900384072822,0.09774539429545609,6190,6.242237434106516,0.09857671422009628
xgboost,seen,val,SITE,3,5642,6256,0.8405919205192681,1.350432700165579,0.8941122962798336,0.013624385083011722,5641,0.8407286390559172,0.013625589465287505
xgboost,seen,val,SITE,30,4479,4326,0.5887939655692962,0.9327939799397154,0.8707612713399916,0.009410868371489783,4479,0.5887939655692962,0.009410868371489783
xgboost,seen,val,SITE,31,4978,4660,1.0599083455482272,1.6686210077963763,0.8870805998004622,0.016834556187089875,4978,1.0599083455482272,0.016834556187089875
xgboost,seen,val,SITE,34,5355,5493,0.29948865568576627,0.46823637763397336,0.8563933348571144,0.004723991590234416,5355,0.29948865568576627,0.004723991590234416
xgboost,seen,val,SITE,37,4950,4688,0.6861164545501122,1.0745555950938261,0.8712676913349939,0.010841087615005214,4950,0.6861164545501122,0.010841087615005214
xgboost,seen,val,SITE,38,5140,4498,0.7737971821995561,1.2199532951953063,0.8803446913212118,0.012307990968370347,5140,0.7737971821995561,0.012307990968370347
xgboost,seen,val,SITE,39,4453,4352,0.44438506995135146,0.6973988026382664,0.8801828967582098,0.007035989162888325,4453,0.44438506995135146,0.007035989162888325
xgboost,seen,val,SITE,4,3314,3769,0.1815737410148917,0.2791059544544695,0.7706623871372223,0.0028158730175764954,3313,0.18162374955919927,0.002816296580632497
xgboost,seen,val,SITE,40,4998,4640,1.0369746801303643,1.653092155523932,0.883521545532882,0.016677887096337673,4998,1.0369746801303643,0.016677887096337673
xgboost,seen,val,SITE,41,5616,6282,1.2393462639461217,2.031660098881173,0.9153125086152102,0.020497222513608315,5608,1.2409609915707234,0.020511790622186134
xgboost,seen,val,SITE,42,5662,6236,0.39004534778801353,0.6518973401915891,0.8814980797960893,0.006576929302935498,5662,0.39004534778801353,0.006576929302935498
xgboost,seen,val,SITE,5,3094,3989,0.18888426432291974,0.28759380576345944,0.7711178492502214,0.0029015061296500146,3093,0.18894450043104835,0.0029019750981695903
xgboost,seen,val,SITE,6,3332,2974,1.4388736494305898,2.5477512172270256,0.9299836652109504,0.0257040159609263,3309,1.4479436359581324,0.025792912338792565
xgboost,seen,val,SITE,8,3389,2917,1.3491949216432717,2.385852151837155,0.9341162215925972,0.024070631926919397,3378,1.3531393992117413,0.02410965266080879
xgboost,seen,test,ALL,,140492,149752,1.240968099859378,2.8865212538421545,0.9494289809765172,0.02912183414088046,140018,1.2375231506092668,0.02905245717408524
xgboost,seen,test,SITE,1,6056,5842,1.0249460109803565,1.8604298774129187,0.9273860971438417,0.018769697347158453,6042,1.0271167221254995,0.01879136360004675
xgboost,seen,test,SITE,10,5872,6026,0.4455385590378165,0.7308510362802112,0.9187327824131716,0.007373485517181918,5872,0.4455385590378165,0.007373485517181918
xgboost,seen,test,SITE,11,3135,3171,4.8482033281117785,8.077280543329621,0.9228269980476347,0.08149090327296409,3090,4.91629728930716,0.08208155130572183
xgboost,seen,test,SITE,12,5622,6276,1.1201923882667597,1.844346085152284,0.8928281627571714,0.018607429520463216,5615,1.1214884381339896,0.018618992823635987
xgboost,seen,test,SITE,15,4833,4920,1.082070068698072,1.7568896068634985,0.8956425820388727,0.0177250895578243,4831,1.0824312285742412,0.017728654625187294
xgboost,seen,test,SITE,17,4636,5002,0.5755312469184425,0.9274046196405615,0.8917927904382781,0.009356495635952675,4636,0.5755312469184425,0.009356495635952675
xgboost,seen,test,SITE,18,4620,4656,2.162109665700045,3.504323521695866,0.8890713040952004,0.03535478155200644,4618,2.163027443996868,0.03536243542369358
xgboost,seen,test,SITE,19,4700,4736,2.4751884225050502,4.056503443657996,0.8958248841624903,0.040925671453441,4697,2.476706322233379,0.04093872880620111
xgboost,seen,test,SITE,2,6020,5878,0.9101842175711231,1.6321308229416194,0.9287435936626154,0.01646641023642493,6010,0.9115799996202282,0.016480068901709263
xgboost,seen,test,SITE,20,4718,4920,0.9915434264125095,1.6105274286143354,0.8868670633979272,0.01624845567757947,4717,0.9917485343443594,0.01625017753171146
xgboost,seen,test,SITE,21,4610,5028,0.5071127313999317,0.8104177570668727,0.8781245840372132,0.008176226478399039,4610,0.5071127313999317,0.008176226478399039
xgboost,seen,test,SITE,22,4669,4969,0.8986012585832951,1.449631511861805,0.8859020239800763,0.014625192313287499,4668,0.8987887926837038,0.014626758365786887
xgboost,seen,test,SITE,23,4274,4531,0.7613899913670082,1.2108023818836495,0.8878694284334901,0.012215668287792497,4273,0.7615672494721809,0.012217097590696417
xgboost,seen,test,SITE,24,4760,4878,0.7533157133885675,1.2618674607920335,0.8853330957587585,0.01273085893687623,4759,0.75346768018589,0.012732195661449498
xgboost,seen,test,SITE,25,4511,4925,4.67299759005944,7.872989888632669,0.8954355944391983,0.07942983458874858,4494,4.689693218078025,0.07957966273919809
xgboost,seen,test,SITE,27,6665,5306,4.35383214332549,7.1122330887886145,0.9068445074705695,0.07175463271136201,6344,4.408427309984762,0.07250446600652577
xgboost,seen,test,SITE,3,5908,5990,0.6509505602415745,1.1271497044589,0.9263645140502477,0.011371704504688012,5907,0.6510474538493322,0.011372662345398776
xgboost,seen,test,SITE,30,4152,4653,0.5350597788219076,0.8463023559389558,0.8878930333102506,0.008538262730574155,4152,0.5350597788219076,0.008538262730574155
xgboost,seen,test,SITE,31,4687,4951,0.9601329311733247,1.5652103250693243,0.8967324185605595,0.015791255796779605,4686,0.9603313742149057,0.015792940018296907
xgboost,seen,test,SITE,34,5121,5726,0.267523885325028,0.4214211343343608,0.8759530720074878,0.004251677122145336,5121,0.267523885325028,0.004251677122145336
xgboost,seen,test,SITE,37,4665,4973,0.6103822009675883,0.9818670217054072,0.8837907535456789,0.009905961550237992,4664,0.6105065749347925,0.009907022441833321
xgboost,seen,test,SITE,38,4724,4914,0.7115931590351889,1.141213980066213,0.8822219727986065,0.01151359762291904,4723,0.7117358966541826,0.011514815132458616
xgboost,seen,test,SITE,39,4106,4699,0.43736542031510073,0.682121566525023,0.875882814876233,0.006881858603264435,4106,0.43736542031510073,0.006881858603264435
xgboost,seen,test,SITE,4,3025,4057,0.16300488900424034,0.21983833827233634,0.8232862322978344,0.0022179277621642767,3023,0.16306265820159133,0.0022185146402861258
xgboost,seen,test,SITE,40,4711,4927,0.905818773254458,1.4722194212057782,0.8983428266740637,0.014853079549048832,4710,0.9060003654987823,0.014854654368927479
xgboost,seen,test,SITE,41,5780,6118,0.9534083336875306,1.6819693090683785,0.9479156388860923,0.016969225909402964,5769,0.9549497623292965,0.01698526015271738
xgboost,seen,test,SITE,42,5814,6084,0.30841249568784485,0.5338009481646071,0.9273794826721413,0.005385466209889368,5814,0.30841249568784485,0.005385466209889368
xgboost,seen,test,SITE,5,1958,5124,0.15992297266017308,0.2686821892715711,0.7159202254578632,0.0027107086574056517,1957,0.15996833464657098,0.002711352582685598
xgboost,seen,test,SITE,6,3094,3212,1.4006383137821996,2.3960894001527953,0.926738098248628,0.024173914536430845,3076,1.4085222358230418,0.024244475853056086
xgboost,seen,test,SITE,8,3046,3260,1.386626460245191,2.322646347917956,0.9253630787373162,0.02343295467579025,3034,1.3918547096490939,0.023479183775347478
xgboost,unseen,val,ALL,,160581,226630,1.8784212807671,2.728780250968705,-0.2261275346675542,0.02753040039800321,160576,1.8784691916195906,0.02753082195475758
xgboost,unseen,val,SITE,14,28145,35819,1.0154360995272413,1.4557559797781088,0.8579639656166955,0.01468698147857507,28140,1.015556156639656,0.014688210729716688
xgboost,unseen,val,SITE,16,19547,27577,1.8141382823543803,2.2227303756662558,-4.56039397835027,0.022424912081935873,19547,1.8141382823543803,0.022424912081935873
xgboost,unseen,val,SITE,28,24512,35436,1.9215732494888307,2.3467701304995443,-6.049613445693959,0.023676337188306504,24512,1.9215732494888307,0.023676337188306504
xgboost,unseen,val,SITE,32,28150,36102,1.061316095895798,1.4244339690620782,0.4595867891209864,0.01437097673763752,28150,1.061316095895798,0.01437097673763752
xgboost,unseen,val,SITE,35,29233,43371,1.115341440358305,1.5023002206657372,0.1922188966652667,0.015156561829503892,29233,1.115341440358305,0.015156561829503892
xgboost,unseen,val,SITE,9,30994,48325,4.130345542477742,5.021147403744098,-76.75810204214918,0.05065787119845827,30994,4.130345542477742,0.05065787119845827
xgboost,unseen,test,ALL,,162456,247325,1.2419676115686944,1.8121780838761712,0.7951030554063843,0.018282889662473375,162399,1.2418199318581447,0.018281416387791818
xgboost,unseen,test,SITE,13,31630,45673,1.093922661117395,1.6363092760613203,0.8096433548992383,0.016508566246381688,31625,1.0940222748854491,0.016509734197572144
xgboost,unseen,test,SITE,26,28281,35971,0.9480790888650775,1.312854671733118,0.628331188380437,0.013245263983558608,28241,0.9463048642064236,0.013217885242545392
xgboost,unseen,test,SITE,29,24680,35723,1.9846070826862678,2.388423185044206,-6.859204183721234,0.02409657083262701,24680,1.9846070826862678,0.02409657083262701
xgboost,unseen,test,SITE,33,29088,35164,1.2654155658691515,1.8708078075757537,0.8778046404518804,0.018874399282238767,29079,1.2656995059250908,0.018877209959337504
xgboost,unseen,test,SITE,36,28585,35667,0.9609811956978177,1.3368595336278744,0.7763344161361195,0.013487446716751143,28583,0.961021937607229,0.013487880525189413
xgboost,unseen,test,SITE,7,20192,59127,1.3417954418554994,2.295392036087789,0.7596443212350288,0.02315798855604126,20191,1.3418352842555923,0.023158530596416118
